# Blender v2.78 (sub 0) OBJ File: ''
# www.blender.org
o wing1
v 0.760661 -0.257550 0.525886
v 0.791848 -0.127751 0.629785
v 0.766875 -0.213629 0.659337
v 0.623375 -0.228556 0.525160
v 0.654562 -0.098756 0.629059
v 0.648349 -0.142677 0.495607
v 0.629588 -0.184635 0.658612
v 0.785635 -0.171671 0.496333
v 0.732573 -0.266867 0.555395
v 0.811634 0.020049 0.555705
v 0.736715 -0.237586 0.644363
v 0.641048 -0.247538 0.554911
v 0.720111 0.039379 0.555221
v 0.715968 0.010098 0.466253
v 0.645190 -0.218258 0.643879
v 0.807492 -0.009231 0.466737
v 0.611983 -0.182100 0.502680
v 0.635151 -0.043703 0.597151
v 0.607988 -0.126903 0.631963
v 0.475155 -0.154163 0.489027
v 0.498324 -0.015765 0.583498
v 0.502319 -0.070962 0.454214
v 0.471160 -0.098967 0.618311
v 0.639146 -0.098899 0.467867
v 0.581722 -0.189044 0.530654
v 0.660548 0.097356 0.512406
v 0.579058 -0.152247 0.616844
v 0.490503 -0.170420 0.521553
v 0.569330 0.115980 0.503304
v 0.571994 0.079183 0.417115
v 0.487839 -0.133623 0.607742
v 0.663212 0.060558 0.426217
v 0.475481 -0.102505 0.471089
v 0.490403 0.039671 0.561525
v 0.461051 -0.042337 0.597376
v 0.339995 -0.076301 0.445685
v 0.354917 0.065876 0.536121
v 0.369347 0.005708 0.409833
v 0.325565 -0.016132 0.571972
v 0.504833 -0.020498 0.435237
v 0.443157 -0.108612 0.496865
v 0.521594 0.177524 0.473503
v 0.433537 -0.068499 0.581057
v 0.352832 -0.091142 0.479930
v 0.431270 0.194994 0.456567
v 0.440890 0.154882 0.372376
v 0.343213 -0.051030 0.564121
v 0.531213 0.137412 0.389312
v 0.666206 0.157218 0.500295
v 0.888673 -0.048977 0.451896
v 0.661408 0.088411 0.381498
v 0.816432 -0.077211 0.630009
v 0.584371 -0.008629 0.440814
v 0.811636 -0.146017 0.511212
v 0.893470 0.019831 0.570693
v 0.589167 0.060177 0.559610
v 0.210897 0.351076 0.258678
v 0.773190 0.069879 0.528931
v 0.769262 0.013528 0.431641
v 0.710098 -0.009594 0.577508
v 0.147806 0.271603 0.307257
v 0.706170 -0.065944 0.480218
v 0.214825 0.407426 0.355969
v 0.151734 0.327953 0.404547
vt 0.4143 0.7190
vt 0.4377 0.7346
vt 0.4377 0.7190
vt 0.4846 0.7190
vt 0.4612 0.7346
vt 0.4846 0.7346
vt 0.4143 0.7346
vt 0.4377 0.7580
vt 0.4377 0.7346
vt 0.4612 0.7346
vt 0.4377 0.7580
vt 0.4612 0.7580
vt 0.3908 0.7190
vt 0.4143 0.7346
vt 0.4143 0.7190
vt 0.4612 0.7190
vt 0.4377 0.7346
vt 0.4612 0.7346
vt 0.4065 0.7815
vt 0.4221 0.8284
vt 0.4221 0.7815
vt 0.4534 0.7815
vt 0.4377 0.8284
vt 0.4534 0.8284
vt 0.4065 0.8284
vt 0.4221 0.8440
vt 0.4221 0.8284
vt 0.4377 0.8284
vt 0.4221 0.8440
vt 0.4377 0.8440
vt 0.3908 0.7815
vt 0.4065 0.8284
vt 0.4065 0.7815
vt 0.4377 0.7815
vt 0.4221 0.8284
vt 0.4377 0.8284
vt 0.4143 0.7190
vt 0.4377 0.7346
vt 0.4377 0.7190
vt 0.4846 0.7190
vt 0.4612 0.7346
vt 0.4846 0.7346
vt 0.4143 0.7346
vt 0.4377 0.7580
vt 0.4377 0.7346
vt 0.4612 0.7346
vt 0.4377 0.7580
vt 0.4612 0.7580
vt 0.3908 0.7190
vt 0.4143 0.7346
vt 0.4143 0.7190
vt 0.4612 0.7190
vt 0.4377 0.7346
vt 0.4612 0.7346
vt 0.4065 0.7815
vt 0.4221 0.8284
vt 0.4221 0.7815
vt 0.4534 0.7815
vt 0.4377 0.8284
vt 0.4534 0.8284
vt 0.4065 0.8284
vt 0.4221 0.8440
vt 0.4221 0.8284
vt 0.4377 0.8284
vt 0.4221 0.8440
vt 0.4377 0.8440
vt 0.3908 0.7815
vt 0.4065 0.8284
vt 0.4065 0.7815
vt 0.4377 0.7815
vt 0.4221 0.8284
vt 0.4377 0.8284
vt 0.4143 0.7190
vt 0.4377 0.7346
vt 0.4377 0.7190
vt 0.4846 0.7190
vt 0.4612 0.7346
vt 0.4846 0.7346
vt 0.4143 0.7346
vt 0.4377 0.7580
vt 0.4377 0.7346
vt 0.4612 0.7346
vt 0.4377 0.7580
vt 0.4612 0.7580
vt 0.3908 0.7190
vt 0.4143 0.7346
vt 0.4143 0.7190
vt 0.4612 0.7190
vt 0.4377 0.7346
vt 0.4612 0.7346
vt 0.4065 0.7815
vt 0.4221 0.8284
vt 0.4221 0.7815
vt 0.4534 0.7815
vt 0.4377 0.8284
vt 0.4534 0.8284
vt 0.4065 0.8284
vt 0.4221 0.8440
vt 0.4221 0.8284
vt 0.4377 0.8284
vt 0.4221 0.8440
vt 0.4377 0.8440
vt 0.3908 0.7815
vt 0.4065 0.8284
vt 0.4065 0.7815
vt 0.4377 0.7815
vt 0.4221 0.8284
vt 0.4377 0.8284
vt 0.4066 0.3597
vt 0.4377 0.3752
vt 0.4066 0.3752
vt 0.4532 0.3597
vt 0.4843 0.3752
vt 0.4532 0.3752
vt 0.4066 0.3908
vt 0.4377 0.3752
vt 0.4377 0.3908
vt 0.4377 0.3908
vt 0.4688 0.3752
vt 0.4688 0.3908
vt 0.3911 0.3752
vt 0.4066 0.3597
vt 0.4066 0.3752
vt 0.4377 0.3597
vt 0.4532 0.3752
vt 0.4377 0.3752
vt 0.4152 0.4374
vt 0.5550 0.4140
vt 0.5550 0.4374
vt 0.5783 0.4140
vt 0.7181 0.4374
vt 0.5783 0.4374
vt 0.4152 0.4607
vt 0.5550 0.4374
vt 0.5550 0.4607
vt 0.5550 0.4374
vt 0.6948 0.4607
vt 0.5550 0.4607
vt 0.3919 0.4374
vt 0.4152 0.4140
vt 0.4152 0.4374
vt 0.5550 0.4374
vt 0.5783 0.4140
vt 0.5783 0.4374
vt 0.4143 0.7346
vt 0.4612 0.7190
vt 0.4143 0.7580
vt 0.4377 0.7346
vt 0.3908 0.7346
vt 0.4377 0.7190
vt 0.4065 0.8284
vt 0.4377 0.7815
vt 0.4065 0.8440
vt 0.4221 0.8284
vt 0.3908 0.8284
vt 0.4221 0.7815
vt 0.4143 0.7346
vt 0.4612 0.7190
vt 0.4143 0.7580
vt 0.4377 0.7346
vt 0.3908 0.7346
vt 0.4377 0.7190
vt 0.4065 0.8284
vt 0.4377 0.7815
vt 0.4065 0.8440
vt 0.4221 0.8284
vt 0.3908 0.8284
vt 0.4221 0.7815
vt 0.4143 0.7346
vt 0.4612 0.7190
vt 0.4143 0.7580
vt 0.4377 0.7346
vt 0.3908 0.7346
vt 0.4377 0.7190
vt 0.4065 0.8284
vt 0.4377 0.7815
vt 0.4065 0.8440
vt 0.4221 0.8284
vt 0.3908 0.8284
vt 0.4221 0.7815
vt 0.4377 0.3597
vt 0.4843 0.3597
vt 0.4066 0.3752
vt 0.4377 0.3752
vt 0.3911 0.3597
vt 0.4532 0.3597
vt 0.4152 0.4140
vt 0.7181 0.4140
vt 0.4152 0.4374
vt 0.6948 0.4374
vt 0.3919 0.4140
vt 0.5550 0.4140
s off
f 1/1 2/2 3/3
f 4/4 5/5 6/6
f 4/7 3/8 7/9
f 2/10 6/11 5/12
f 3/13 5/14 7/15
f 1/16 6/17 8/18
f 9/19 10/20 11/21
f 12/22 13/23 14/24
f 12/25 11/26 15/27
f 10/28 14/29 13/30
f 11/31 13/32 15/33
f 9/34 14/35 16/36
f 17/37 18/38 19/39
f 20/40 21/41 22/42
f 20/43 19/44 23/45
f 18/46 22/47 21/48
f 19/49 21/50 23/51
f 17/52 22/53 24/54
f 25/55 26/56 27/57
f 28/58 29/59 30/60
f 28/61 27/62 31/63
f 26/64 30/65 29/66
f 27/67 29/68 31/69
f 25/70 30/71 32/72
f 33/73 34/74 35/75
f 36/76 37/77 38/78
f 36/79 35/80 39/81
f 34/82 38/83 37/84
f 35/85 37/86 39/87
f 33/88 38/89 40/90
f 41/91 42/92 43/93
f 44/94 45/95 46/96
f 44/97 43/98 47/99
f 42/100 46/101 45/102
f 43/103 45/104 47/105
f 41/106 46/107 48/108
f 49/109 50/110 51/111
f 52/112 53/113 54/114
f 49/115 52/116 55/117
f 53/118 50/119 54/120
f 50/121 52/122 54/123
f 56/124 51/125 53/126
f 57/127 58/128 59/129
f 60/130 61/131 62/132
f 63/133 60/134 58/135
f 57/136 62/137 61/138
f 59/139 60/140 62/141
f 61/142 63/143 57/144
f 1/1 8/145 2/2
f 4/4 7/146 5/5
f 4/7 1/147 3/8
f 2/10 8/148 6/11
f 3/13 2/149 5/14
f 1/16 4/150 6/17
f 9/19 16/151 10/20
f 12/22 15/152 13/23
f 12/25 9/153 11/26
f 10/28 16/154 14/29
f 11/31 10/155 13/32
f 9/34 12/156 14/35
f 17/37 24/157 18/38
f 20/40 23/158 21/41
f 20/43 17/159 19/44
f 18/46 24/160 22/47
f 19/49 18/161 21/50
f 17/52 20/162 22/53
f 25/55 32/163 26/56
f 28/58 31/164 29/59
f 28/61 25/165 27/62
f 26/64 32/166 30/65
f 27/67 26/167 29/68
f 25/70 28/168 30/71
f 33/73 40/169 34/74
f 36/76 39/170 37/77
f 36/79 33/171 35/80
f 34/82 40/172 38/83
f 35/85 34/173 37/86
f 33/88 36/174 38/89
f 41/91 48/175 42/92
f 44/94 47/176 45/95
f 44/97 41/177 43/98
f 42/100 48/178 46/101
f 43/103 42/179 45/104
f 41/106 44/180 46/107
f 49/109 55/181 50/110
f 52/112 56/182 53/113
f 49/115 56/183 52/116
f 53/118 51/184 50/119
f 50/121 55/185 52/122
f 56/124 49/186 51/125
f 57/127 63/187 58/128
f 60/130 64/188 61/131
f 63/133 64/189 60/134
f 57/136 59/190 62/137
f 59/139 58/191 60/140
f 61/142 64/192 63/143
o V1
v 0.436177 0.192793 0.006372
v 0.341177 0.192793 0.006372
v 0.341177 0.192793 -0.083628
v 0.436177 0.192793 -0.083628
v 0.436177 0.192793 0.096372
v 0.341177 0.192793 0.096372
v 0.436177 0.192793 0.186372
v 0.341177 0.192793 0.186372
v 0.341177 0.192793 -0.173628
v 0.246177 0.192793 -0.173628
v 0.246177 0.192793 -0.253661
v 0.341177 0.192793 -0.253661
v 0.436177 0.292793 0.186372
v 0.341177 0.292793 0.186372
v 0.246177 0.292793 0.186372
v 0.246177 0.192793 0.186372
v 0.151177 0.292793 0.186372
v 0.151177 0.192793 0.186372
v 0.056177 0.292793 0.186372
v 0.056177 0.192793 0.186372
v -0.038823 0.292793 0.186372
v -0.038823 0.192793 0.186372
v -0.133823 0.292793 0.186372
v -0.133823 0.192793 0.186372
v -0.228823 0.292793 0.186372
v -0.228823 0.192793 0.186372
v -0.323823 0.292793 0.186372
v -0.323823 0.192793 0.186372
v -0.418823 0.292793 0.186372
v -0.418823 0.192793 0.186372
v -0.228823 0.192793 -0.173628
v -0.323823 0.192793 -0.173628
v -0.323823 0.192793 -0.253661
v -0.228823 0.192793 -0.253661
v -0.228823 0.192793 -0.083628
v -0.323823 0.192793 -0.083628
v -0.228823 0.192793 0.006372
v -0.323823 0.192793 0.006372
v -0.228823 0.192793 0.096372
v -0.323823 0.192793 0.096372
v -0.418823 0.192793 -0.173628
v -0.418823 0.192793 -0.253661
v -0.418823 0.192793 -0.083628
v -0.418823 0.192793 0.006372
v -0.418823 0.192793 0.096372
v -0.418823 0.292793 0.096372
v -0.418823 0.292793 0.006372
v -0.418823 0.292793 -0.083628
v -0.418823 0.292793 -0.173628
v -0.418823 0.292793 -0.253661
v 0.246177 0.192793 -0.083628
v 0.246177 0.192793 0.006372
v 0.246177 0.192793 0.096372
v 0.151177 0.192793 -0.173628
v 0.151177 0.192793 -0.253661
v 0.436177 0.292793 0.096372
v 0.341177 0.292793 0.096372
v 0.436177 0.292793 0.006372
v 0.341177 0.292793 0.006372
v 0.436177 0.292793 -0.083628
v 0.341177 0.292793 -0.083628
v 0.436177 0.292793 -0.173628
v 0.341177 0.292793 -0.173628
v 0.436177 0.292793 -0.253661
v 0.341177 0.292793 -0.253661
v 0.246177 0.292793 0.096372
v 0.246177 0.292793 0.006372
v 0.246177 0.292793 -0.083628
v 0.246177 0.292793 -0.173628
v 0.246177 0.292793 -0.253661
v 0.151177 0.292793 0.096372
v 0.151177 0.292793 0.006372
v 0.151177 0.292793 -0.083628
v 0.151177 0.292793 -0.173628
v 0.151177 0.292793 -0.253661
v 0.056177 0.292793 0.096372
v 0.056177 0.292793 0.006372
v 0.056177 0.292793 -0.083628
v 0.056177 0.292793 -0.173628
v 0.056177 0.292793 -0.253661
v -0.038823 0.292793 0.096372
v -0.038823 0.292793 0.006372
v -0.038823 0.292793 -0.083628
v -0.038823 0.292793 -0.173628
v -0.038823 0.292793 -0.253661
v -0.133823 0.292793 0.096372
v -0.133823 0.292793 0.006372
v -0.133823 0.292793 -0.083628
v -0.133823 0.292793 -0.173628
v -0.133823 0.292793 -0.253661
v -0.228823 0.292793 0.096372
v -0.228823 0.292793 0.006372
v -0.228823 0.292793 -0.083628
v -0.228823 0.292793 -0.173628
v -0.228823 0.292793 -0.253661
v -0.323823 0.292793 0.096372
v -0.323823 0.292793 0.006372
v -0.323823 0.292793 -0.083628
v -0.323823 0.292793 -0.173628
v -0.323823 0.292793 -0.253661
v 0.151177 0.192793 -0.083628
v 0.151177 0.192793 0.006372
v 0.151177 0.192793 0.096372
v 0.436177 0.192793 -0.253661
v 0.056177 0.192793 -0.253661
v -0.038823 0.192793 -0.253661
v -0.133823 0.192793 -0.253661
v 0.056177 0.192793 -0.173628
v 0.056177 0.192793 -0.083628
v 0.056177 0.192793 0.006372
v 0.056177 0.192793 0.096372
v -0.038823 0.192793 -0.173628
v -0.038823 0.192793 -0.083628
v -0.038823 0.192793 0.006372
v -0.038823 0.192793 0.096372
v -0.133823 0.192793 -0.173628
v -0.133823 0.192793 -0.083628
v -0.133823 0.192793 0.006372
v -0.133823 0.192793 0.096372
v 0.436177 0.192793 -0.173628
v 0.436177 0.292793 0.096372
v 0.436177 0.292793 0.186372
v 0.436177 0.192793 0.186372
v 0.436177 0.192793 0.096372
v 0.306284 -0.594475 0.186372
v 0.306284 -0.499475 0.186372
v 0.206284 -0.499475 0.186372
v 0.206284 -0.594475 0.186372
v 0.306284 -0.404475 0.186372
v 0.206284 -0.404475 0.186372
v 0.306284 -0.309475 0.186372
v 0.206284 -0.309475 0.186372
v 0.306284 -0.214475 0.186372
v 0.206284 -0.214475 0.186372
v 0.306284 -0.119475 0.186372
v 0.206284 -0.119475 0.186372
v 0.306284 -0.024475 0.186372
v 0.206284 -0.024475 0.186372
v 0.306284 0.070525 0.186372
v 0.206284 0.070525 0.186372
v 0.306284 0.165525 0.186372
v 0.206284 0.165525 0.186372
v 0.306284 0.260525 0.186372
v 0.206284 0.260525 0.186372
v 0.306284 0.355525 0.186372
v 0.206284 0.355525 0.186372
v 0.306284 0.450525 0.186372
v 0.206284 0.450525 0.186372
v 0.306284 0.545525 0.186372
v 0.206284 0.545525 0.186372
v 0.306284 0.640525 0.186372
v 0.206284 0.640525 0.186372
v 0.306284 -0.594475 0.096372
v 0.306284 -0.499475 0.096372
v 0.306284 -0.594475 0.006372
v 0.306284 -0.499475 0.006372
v 0.306284 -0.594475 -0.083628
v 0.306284 -0.499475 -0.083628
v 0.306284 -0.594475 -0.173628
v 0.306284 -0.499475 -0.173628
v 0.306284 -0.594475 -0.263628
v 0.306284 -0.499475 -0.263628
v 0.306284 -0.404475 0.096372
v 0.306284 -0.404475 0.006372
v 0.306284 -0.404475 -0.083628
v 0.306284 -0.404475 -0.173628
v 0.306284 -0.404475 -0.263628
v 0.306284 -0.309475 0.096372
v 0.306284 -0.309475 0.006372
v 0.306284 -0.309475 -0.083628
v 0.306284 -0.309475 -0.173628
v 0.306284 -0.309475 -0.263628
v 0.306284 -0.214475 0.096372
v 0.306284 -0.214475 0.006372
v 0.306284 -0.214475 -0.083628
v 0.306284 -0.214475 -0.173628
v 0.306284 -0.214475 -0.263628
v 0.306284 -0.119475 0.096372
v 0.306284 -0.119475 0.006372
v 0.306284 -0.119475 -0.083628
v 0.306284 -0.119475 -0.173628
v 0.306284 -0.119475 -0.263628
v 0.306284 -0.024475 0.096372
v 0.306284 -0.024475 0.006372
v 0.306284 -0.024475 -0.083628
v 0.306284 -0.024475 -0.173628
v 0.306284 -0.024475 -0.263628
v 0.306284 0.070525 0.096372
v 0.306284 0.070525 0.006372
v 0.306284 0.070525 -0.083628
v 0.306284 0.070525 -0.173628
v 0.306284 0.070525 -0.263628
v 0.306284 0.165525 0.096372
v 0.306284 0.165525 0.006372
v 0.306284 0.165525 -0.083628
v 0.306284 0.165525 -0.173628
v 0.306284 0.165525 -0.263628
v 0.306284 0.260525 0.096372
v 0.306284 0.260525 0.006372
v 0.306284 0.260525 -0.083628
v 0.306284 0.260525 -0.173628
v 0.306284 0.260525 -0.263628
v 0.306284 0.355525 0.096372
v 0.306284 0.355525 0.006372
v 0.306284 0.355525 -0.083628
v 0.306284 0.355525 -0.173628
v 0.306284 0.355525 -0.263628
v 0.306284 0.450525 0.096372
v 0.306284 0.450525 0.006372
v 0.306284 0.450525 -0.083628
v 0.306284 0.450525 -0.173628
v 0.306284 0.450525 -0.263628
v 0.306284 0.545525 0.096372
v 0.306284 0.545525 0.006372
v 0.306284 0.545525 -0.083628
v 0.306284 0.545525 -0.173628
v 0.306284 0.545525 -0.263628
v 0.306284 0.640525 0.096372
v 0.306284 0.640525 0.006372
v 0.306284 0.640525 -0.083628
v 0.306284 0.640525 -0.173628
v 0.306284 0.640525 -0.263628
v 0.206284 -0.594475 -0.263628
v 0.206284 -0.499475 -0.263628
v 0.206284 -0.404475 -0.263628
v 0.206284 -0.309475 -0.263628
v 0.206284 -0.214475 -0.263628
v 0.206284 -0.119475 -0.263628
v 0.206284 -0.024475 -0.263628
v 0.206284 0.070525 -0.263628
v 0.206284 0.165525 -0.263628
v 0.206284 0.260525 -0.263628
v 0.206284 0.355525 -0.263628
v 0.206284 0.450525 -0.263628
v 0.206284 0.545525 -0.263628
v 0.206284 0.640525 -0.263628
v 0.206284 -0.594475 -0.173628
v 0.206284 -0.499475 -0.173628
v 0.206284 -0.594475 -0.083628
v 0.206284 -0.499475 -0.083628
v 0.206284 -0.594475 0.006372
v 0.206284 -0.499475 0.006372
v 0.206284 -0.594475 0.096372
v 0.206284 -0.499475 0.096372
v 0.206284 -0.404475 -0.173628
v 0.206284 -0.404475 -0.083628
v 0.206284 -0.404475 0.006372
v 0.206284 -0.404475 0.096372
v 0.206284 -0.309475 -0.173628
v 0.206284 -0.309475 -0.083628
v 0.206284 -0.309475 0.006372
v 0.206284 -0.309475 0.096372
v 0.206284 -0.214475 -0.173628
v 0.206284 -0.214475 -0.083628
v 0.206284 -0.214475 0.006372
v 0.206284 -0.214475 0.096372
v 0.206284 -0.119475 -0.173628
v 0.206284 -0.119475 -0.083628
v 0.206284 -0.119475 0.006372
v 0.206284 -0.119475 0.096372
v 0.206284 -0.024475 -0.173628
v 0.206284 -0.024475 -0.083628
v 0.206284 -0.024475 0.006372
v 0.206284 -0.024475 0.096372
v 0.206284 0.070525 -0.173628
v 0.206284 0.070525 -0.083628
v 0.206284 0.070525 0.006372
v 0.206284 0.070525 0.096372
v 0.206284 0.165525 -0.173628
v 0.206284 0.165525 -0.083628
v 0.206284 0.165525 0.006372
v 0.206284 0.165525 0.096372
v 0.206284 0.260525 -0.173628
v 0.206284 0.260525 -0.083628
v 0.206284 0.260525 0.006372
v 0.206284 0.260525 0.096372
v 0.206284 0.355525 -0.173628
v 0.206284 0.355525 -0.083628
v 0.206284 0.355525 0.006372
v 0.206284 0.355525 0.096372
v 0.206284 0.450525 -0.173628
v 0.206284 0.450525 -0.083628
v 0.206284 0.450525 0.006372
v 0.206284 0.450525 0.096372
v 0.206284 0.545525 -0.173628
v 0.206284 0.545525 -0.083628
v 0.206284 0.545525 0.006372
v 0.206284 0.545525 0.096372
v 0.206284 0.640525 -0.173628
v 0.206284 0.640525 -0.083628
v 0.206284 0.640525 0.006372
v 0.206284 0.640525 0.096372
v -0.197232 -0.499475 0.186372
v -0.297232 -0.499475 0.186372
v -0.297232 -0.594475 0.186372
v -0.197232 -0.594475 0.186372
v -0.197232 -0.404475 0.186372
v -0.297232 -0.404475 0.186372
v -0.197232 -0.309475 0.186372
v -0.297232 -0.309475 0.186372
v -0.197232 -0.214475 0.186372
v -0.297232 -0.214475 0.186372
v -0.197232 -0.119475 0.186372
v -0.297232 -0.119475 0.186372
v -0.197232 -0.024475 0.186372
v -0.297232 -0.024475 0.186372
v -0.197232 0.070525 0.186372
v -0.297232 0.070525 0.186372
v -0.197232 0.165525 0.186372
v -0.297232 0.165525 0.186372
v -0.197232 0.260525 0.186372
v -0.297232 0.260525 0.186372
v -0.197232 0.355525 0.186372
v -0.297232 0.355525 0.186372
v -0.197232 0.450525 0.186372
v -0.297232 0.450525 0.186372
v -0.197232 0.545525 0.186372
v -0.297232 0.545525 0.186372
v -0.197232 0.640525 0.186372
v -0.297232 0.640525 0.186372
v -0.297232 -0.499475 0.096372
v -0.297232 -0.594475 0.096372
v -0.297232 -0.499475 0.006372
v -0.297232 -0.594475 0.006372
v -0.297232 -0.499475 -0.083628
v -0.297232 -0.594475 -0.083628
v -0.297232 -0.499475 -0.173628
v -0.297232 -0.594475 -0.173628
v -0.297232 -0.499475 -0.263628
v -0.297232 -0.594475 -0.263628
v -0.297232 -0.404475 0.096372
v -0.297232 -0.404475 0.006372
v -0.297232 -0.404475 -0.083628
v -0.297232 -0.404475 -0.173628
v -0.297232 -0.404475 -0.263628
v -0.297232 -0.309475 0.096372
v -0.297232 -0.309475 0.006372
v -0.297232 -0.309475 -0.083628
v -0.297232 -0.309475 -0.173628
v -0.297232 -0.309475 -0.263628
v -0.297232 -0.214475 0.096372
v -0.297232 -0.214475 0.006372
v -0.297232 -0.214475 -0.083628
v -0.297232 -0.214475 -0.173628
v -0.297232 -0.214475 -0.263628
v -0.297232 -0.119475 0.096372
v -0.297232 -0.119475 0.006372
v -0.297232 -0.119475 -0.083628
v -0.297232 -0.119475 -0.173628
v -0.297232 -0.119475 -0.263628
v -0.297232 -0.024475 0.096372
v -0.297232 -0.024475 0.006372
v -0.297232 -0.024475 -0.083628
v -0.297232 -0.024475 -0.173628
v -0.297232 -0.024475 -0.263628
v -0.297232 0.070525 0.096372
v -0.297232 0.070525 0.006372
v -0.297232 0.070525 -0.083628
v -0.297232 0.070525 -0.173628
v -0.297232 0.070525 -0.263628
v -0.297232 0.165525 0.096372
v -0.297232 0.165525 0.006372
v -0.297232 0.165525 -0.083628
v -0.297232 0.165525 -0.173628
v -0.297232 0.165525 -0.263628
v -0.297232 0.260525 0.096372
v -0.297232 0.260525 0.006372
v -0.297232 0.260525 -0.083628
v -0.297232 0.260525 -0.173628
v -0.297232 0.260525 -0.263628
v -0.297232 0.355525 0.096372
v -0.297232 0.355525 0.006372
v -0.297232 0.355525 -0.083628
v -0.297232 0.355525 -0.173628
v -0.297232 0.355525 -0.263628
v -0.297232 0.450525 0.096372
v -0.297232 0.450525 0.006372
v -0.297232 0.450525 -0.083628
v -0.297232 0.450525 -0.173628
v -0.297232 0.450525 -0.263628
v -0.297232 0.545525 0.096372
v -0.297232 0.545525 0.006372
v -0.297232 0.545525 -0.083628
v -0.297232 0.545525 -0.173628
v -0.297232 0.545525 -0.263628
v -0.297232 0.640525 0.096372
v -0.297232 0.640525 0.006372
v -0.297232 0.640525 -0.083628
v -0.297232 0.640525 -0.173628
v -0.297232 0.640525 -0.263628
v -0.197232 -0.499475 -0.263628
v -0.197232 -0.594475 -0.263628
v -0.197232 -0.404475 -0.263628
v -0.197232 -0.309475 -0.263628
v -0.197232 -0.214475 -0.263628
v -0.197232 -0.119475 -0.263628
v -0.197232 -0.024475 -0.263628
v -0.197232 0.070525 -0.263628
v -0.197232 0.165525 -0.263628
v -0.197232 0.260525 -0.263628
v -0.197232 0.355525 -0.263628
v -0.197232 0.450525 -0.263628
v -0.197232 0.545525 -0.263628
v -0.197232 0.640525 -0.263628
v -0.197232 -0.499475 -0.173628
v -0.197232 -0.594475 -0.173628
v -0.197232 -0.499475 -0.083628
v -0.197232 -0.594475 -0.083628
v -0.197232 -0.499475 0.006372
v -0.197232 -0.594475 0.006372
v -0.197232 -0.499475 0.096372
v -0.197232 -0.594475 0.096372
v -0.197232 -0.404475 -0.173628
v -0.197232 -0.404475 -0.083628
v -0.197232 -0.404475 0.006372
v -0.197232 -0.404475 0.096372
v -0.197232 -0.309475 -0.173628
v -0.197232 -0.309475 -0.083628
v -0.197232 -0.309475 0.006372
v -0.197232 -0.309475 0.096372
v -0.197232 -0.214475 -0.173628
v -0.197232 -0.214475 -0.083628
v -0.197232 -0.214475 0.006372
v -0.197232 -0.214475 0.096372
v -0.197232 -0.119475 -0.173628
v -0.197232 -0.119475 -0.083628
v -0.197232 -0.119475 0.006372
v -0.197232 -0.119475 0.096372
v -0.197232 -0.024475 -0.173628
v -0.197232 -0.024475 -0.083628
v -0.197232 -0.024475 0.006372
v -0.197232 -0.024475 0.096372
v -0.197232 0.070525 -0.173628
v -0.197232 0.070525 -0.083628
v -0.197232 0.070525 0.006372
v -0.197232 0.070525 0.096372
v -0.197232 0.165525 -0.173628
v -0.197232 0.165525 -0.083628
v -0.197232 0.165525 0.006372
v -0.197232 0.165525 0.096372
v -0.197232 0.260525 -0.173628
v -0.197232 0.260525 -0.083628
v -0.197232 0.260525 0.006372
v -0.197232 0.260525 0.096372
v -0.197232 0.355525 -0.173628
v -0.197232 0.355525 -0.083628
v -0.197232 0.355525 0.006372
v -0.197232 0.355525 0.096372
v -0.197232 0.450525 -0.173628
v -0.197232 0.450525 -0.083628
v -0.197232 0.450525 0.006372
v -0.197232 0.450525 0.096372
v -0.197232 0.545525 -0.173628
v -0.197232 0.545525 -0.083628
v -0.197232 0.545525 0.006372
v -0.197232 0.545525 0.096372
v -0.197232 0.640525 -0.173628
v -0.197232 0.640525 -0.083628
v -0.197232 0.640525 0.006372
v -0.197232 0.640525 0.096372
vt 0.1527 0.5088
vt 0.1442 0.5014
vt 0.1527 0.5014
vt 0.1613 0.5088
vt 0.1613 0.5014
vt 0.1698 0.5088
vt 0.1698 0.5014
vt 0.1356 0.5162
vt 0.1271 0.5088
vt 0.1356 0.5088
vt 0.1527 0.5088
vt 0.1442 0.5014
vt 0.1527 0.5014
vt 0.1527 0.5162
vt 0.1442 0.5088
vt 0.1527 0.5236
vt 0.1442 0.5162
vt 0.1527 0.5310
vt 0.1442 0.5236
vt 0.1527 0.5384
vt 0.1442 0.5310
vt 0.1527 0.5458
vt 0.1442 0.5384
vt 0.1527 0.5532
vt 0.1442 0.5458
vt 0.1527 0.5606
vt 0.1442 0.5532
vt 0.1527 0.5680
vt 0.1442 0.5606
vt 0.1356 0.5606
vt 0.1271 0.5532
vt 0.1356 0.5532
vt 0.1442 0.5606
vt 0.1442 0.5532
vt 0.1527 0.5606
vt 0.1527 0.5532
vt 0.1613 0.5606
vt 0.1613 0.5532
vt 0.1698 0.5606
vt 0.1698 0.5532
vt 0.1356 0.5680
vt 0.1271 0.5606
vt 0.1442 0.5680
vt 0.1527 0.5680
vt 0.1613 0.5680
vt 0.5675 0.5718
vt 0.5405 0.5614
vt 0.5675 0.5614
vt 0.1527 0.4911
vt 0.1442 0.4719
vt 0.1527 0.4719
vt 0.1527 0.5103
vt 0.1442 0.4911
vt 0.1527 0.5295
vt 0.1442 0.5103
vt 0.1527 0.5488
vt 0.1442 0.5295
vt 0.1442 0.5680
vt 0.1442 0.5488
vt 0.1442 0.5162
vt 0.1442 0.5088
vt 0.1527 0.5162
vt 0.1613 0.5162
vt 0.1698 0.5162
vt 0.1356 0.5236
vt 0.1271 0.5162
vt 0.1356 0.5088
vt 0.1271 0.5014
vt 0.1356 0.5014
vt 0.1442 0.5088
vt 0.1442 0.5014
vt 0.1527 0.5088
vt 0.1527 0.5014
vt 0.1613 0.5088
vt 0.1613 0.5014
vt 0.1698 0.5088
vt 0.1698 0.5014
vt 0.1356 0.5162
vt 0.1271 0.5088
vt 0.1442 0.5162
vt 0.1527 0.5162
vt 0.1613 0.5162
vt 0.1698 0.5162
vt 0.1356 0.5236
vt 0.1271 0.5162
vt 0.1442 0.5236
vt 0.1527 0.5236
vt 0.1613 0.5236
vt 0.1698 0.5236
vt 0.1356 0.5310
vt 0.1271 0.5236
vt 0.1442 0.5310
vt 0.1527 0.5310
vt 0.1613 0.5310
vt 0.1698 0.5310
vt 0.1356 0.5384
vt 0.1271 0.5310
vt 0.1442 0.5384
vt 0.1527 0.5384
vt 0.1613 0.5384
vt 0.1698 0.5384
vt 0.1356 0.5458
vt 0.1271 0.5384
vt 0.1442 0.5458
vt 0.1527 0.5458
vt 0.1613 0.5458
vt 0.1698 0.5458
vt 0.1356 0.5532
vt 0.1271 0.5458
vt 0.1442 0.5532
vt 0.1527 0.5532
vt 0.1613 0.5532
vt 0.1698 0.5532
vt 0.1356 0.5606
vt 0.1271 0.5532
vt 0.1442 0.5606
vt 0.1527 0.5606
vt 0.1613 0.5606
vt 0.1698 0.5606
vt 0.1356 0.5680
vt 0.1271 0.5606
vt 0.1442 0.5680
vt 0.1527 0.5680
vt 0.1613 0.5680
vt 0.5675 0.5718
vt 0.5405 0.5614
vt 0.5675 0.5614
vt 0.1442 0.5236
vt 0.1527 0.5236
vt 0.1613 0.5236
vt 0.1698 0.5236
vt 0.1527 0.5088
vt 0.1442 0.5014
vt 0.1527 0.5014
vt 0.1527 0.5162
vt 0.1442 0.5088
vt 0.1527 0.5236
vt 0.1442 0.5162
vt 0.1527 0.5310
vt 0.1442 0.5236
vt 0.1527 0.5384
vt 0.1442 0.5310
vt 0.1527 0.5458
vt 0.1442 0.5384
vt 0.1527 0.5532
vt 0.1442 0.5458
vt 0.1527 0.5606
vt 0.1442 0.5532
vt 0.1527 0.5680
vt 0.1442 0.5606
vt 0.1356 0.5310
vt 0.1271 0.5236
vt 0.1442 0.5310
vt 0.1527 0.5310
vt 0.1613 0.5310
vt 0.1698 0.5310
vt 0.1356 0.5384
vt 0.1271 0.5310
vt 0.1442 0.5384
vt 0.1527 0.5384
vt 0.1613 0.5384
vt 0.1698 0.5384
vt 0.1356 0.5458
vt 0.1271 0.5384
vt 0.1442 0.5458
vt 0.1527 0.5458
vt 0.1613 0.5458
vt 0.1698 0.5458
vt 0.1271 0.5458
vt 0.1271 0.5014
vt 0.1356 0.5014
vt -0.0078 0.0312
vt 0.9922 1.0312
vt -0.0078 1.0312
vt 0.3219 0.4828
vt 0.3031 0.5016
vt 0.3031 0.4828
vt 0.3266 0.5219
vt 0.3453 0.5406
vt 0.3266 0.5406
vt 0.3187 0.4594
vt 0.3375 0.4781
vt 0.3187 0.4781
vt 0.3219 0.4828
vt 0.3031 0.5016
vt 0.3031 0.4828
vt 0.2984 0.4516
vt 0.2797 0.4703
vt 0.2797 0.4516
vt 0.1527 0.4793
vt 0.1442 0.4719
vt 0.1527 0.4719
vt 0.1527 0.4867
vt 0.1442 0.4793
vt 0.1527 0.4940
vt 0.1442 0.4867
vt 0.1527 0.5014
vt 0.1442 0.4940
vt 0.1527 0.5088
vt 0.1442 0.5014
vt 0.1527 0.5162
vt 0.1442 0.5088
vt 0.1527 0.5236
vt 0.1442 0.5162
vt 0.1527 0.5310
vt 0.1442 0.5236
vt 0.1527 0.5384
vt 0.1442 0.5310
vt 0.1527 0.5458
vt 0.1442 0.5384
vt 0.1527 0.5532
vt 0.1442 0.5458
vt 0.1527 0.5606
vt 0.1442 0.5532
vt 0.1527 0.5680
vt 0.1442 0.5606
vt 0.1356 0.4719
vt 0.1271 0.4793
vt 0.1271 0.4719
vt 0.1442 0.4793
vt 0.1442 0.4719
vt 0.1527 0.4793
vt 0.1527 0.4719
vt 0.1613 0.4793
vt 0.1613 0.4719
vt 0.1698 0.4719
vt 0.1356 0.4867
vt 0.1356 0.4793
vt 0.1442 0.4867
vt 0.1527 0.4867
vt 0.1613 0.4867
vt 0.1698 0.4793
vt 0.1356 0.4940
vt 0.1271 0.4867
vt 0.1527 0.4940
vt 0.1698 0.4940
vt 0.1698 0.4867
vt 0.1356 0.5014
vt 0.1271 0.4940
vt 0.1442 0.4940
vt 0.1527 0.5014
vt 0.1613 0.5014
vt 0.1613 0.4940
vt 0.1356 0.5088
vt 0.1271 0.5014
vt 0.1442 0.5088
vt 0.1442 0.5014
vt 0.1527 0.5088
vt 0.1613 0.5088
vt 0.1698 0.5088
vt 0.1698 0.5014
vt 0.1356 0.5162
vt 0.1271 0.5088
vt 0.1442 0.5162
vt 0.1527 0.5162
vt 0.1613 0.5162
vt 0.1356 0.5236
vt 0.1271 0.5162
vt 0.1442 0.5236
vt 0.1527 0.5236
vt 0.1613 0.5236
vt 0.1698 0.5236
vt 0.1698 0.5162
vt 0.1356 0.5310
vt 0.1271 0.5236
vt 0.1442 0.5310
vt 0.1527 0.5310
vt 0.1613 0.5310
vt 0.1698 0.5310
vt 0.1356 0.5384
vt 0.1271 0.5310
vt 0.1442 0.5384
vt 0.1527 0.5384
vt 0.1613 0.5384
vt 0.1698 0.5384
vt 0.1356 0.5458
vt 0.1271 0.5384
vt 0.1442 0.5458
vt 0.1527 0.5458
vt 0.1698 0.5458
vt 0.1356 0.5532
vt 0.1271 0.5458
vt 0.1442 0.5532
vt 0.1527 0.5532
vt 0.1613 0.5458
vt 0.1698 0.5532
vt 0.1271 0.5606
vt 0.1271 0.5532
vt 0.1442 0.5606
vt 0.1527 0.5606
vt 0.1613 0.5606
vt 0.1613 0.5532
vt 0.1698 0.5606
vt 0.1356 0.5606
vt 0.1271 0.5680
vt 0.1442 0.5680
vt 0.1527 0.5680
vt 0.1613 0.5680
vt 0.5675 0.5614
vt 0.5405 0.5718
vt 0.5405 0.5614
vt 0.1527 0.4793
vt 0.1442 0.4719
vt 0.1527 0.4719
vt 0.1527 0.4867
vt 0.1442 0.4793
vt 0.1527 0.4940
vt 0.1442 0.4867
vt 0.1527 0.5014
vt 0.1442 0.4940
vt 0.1527 0.5088
vt 0.1442 0.5014
vt 0.1527 0.5162
vt 0.1442 0.5088
vt 0.1527 0.5236
vt 0.1442 0.5162
vt 0.1527 0.5310
vt 0.1442 0.5236
vt 0.1527 0.5384
vt 0.1442 0.5310
vt 0.1527 0.5458
vt 0.1442 0.5384
vt 0.1527 0.5532
vt 0.1442 0.5458
vt 0.1527 0.5606
vt 0.1442 0.5532
vt 0.1527 0.5680
vt 0.1442 0.5606
vt 0.1356 0.4793
vt 0.1271 0.4719
vt 0.1356 0.4719
vt 0.1442 0.4719
vt 0.1527 0.4719
vt 0.1442 0.4793
vt 0.1613 0.4719
vt 0.1527 0.4793
vt 0.1698 0.4793
vt 0.1698 0.4719
vt 0.1356 0.4867
vt 0.1271 0.4793
vt 0.1527 0.4867
vt 0.1613 0.4867
vt 0.1613 0.4793
vt 0.1698 0.4867
vt 0.1271 0.4940
vt 0.1271 0.4867
vt 0.1442 0.4940
vt 0.1442 0.4867
vt 0.1527 0.4940
vt 0.1613 0.4940
vt 0.1698 0.4940
vt 0.1356 0.5014
vt 0.1356 0.4940
vt 0.1442 0.5014
vt 0.1613 0.5014
vt 0.1698 0.5014
vt 0.1271 0.5088
vt 0.1271 0.5014
vt 0.1442 0.5088
vt 0.1527 0.5088
vt 0.1527 0.5014
vt 0.1613 0.5088
vt 0.1356 0.5088
vt 0.1271 0.5162
vt 0.1442 0.5162
vt 0.1527 0.5162
vt 0.1698 0.5162
vt 0.1698 0.5088
vt 0.1356 0.5236
vt 0.1356 0.5162
vt 0.1442 0.5236
vt 0.1527 0.5236
vt 0.1613 0.5162
vt 0.1613 0.5236
vt 0.1271 0.5310
vt 0.1271 0.5236
vt 0.1356 0.5310
vt 0.1442 0.5310
vt 0.1613 0.5310
vt 0.1698 0.5310
vt 0.1698 0.5236
vt 0.1356 0.5384
vt 0.1442 0.5384
vt 0.1527 0.5384
vt 0.1527 0.5310
vt 0.1698 0.5384
vt 0.1271 0.5458
vt 0.1271 0.5384
vt 0.1442 0.5458
vt 0.1613 0.5384
vt 0.1527 0.5458
vt 0.1698 0.5458
vt 0.1356 0.5458
vt 0.1271 0.5532
vt 0.1442 0.5532
vt 0.1527 0.5532
vt 0.1613 0.5532
vt 0.1613 0.5458
vt 0.1698 0.5532
vt 0.1356 0.5606
vt 0.1356 0.5532
vt 0.1442 0.5606
vt 0.1613 0.5606
vt 0.1698 0.5606
vt 0.1356 0.5680
vt 0.1271 0.5606
vt 0.1527 0.5606
vt 0.1442 0.5680
vt 0.1527 0.5680
vt 0.5675 0.5718
vt 0.5405 0.5614
vt 0.5675 0.5614
vt 0.1527 0.4911
vt 0.1442 0.4719
vt 0.1527 0.4719
vt 0.1527 0.5103
vt 0.1442 0.4911
vt 0.1527 0.5295
vt 0.1442 0.5103
vt 0.1527 0.5488
vt 0.1442 0.5295
vt 0.1527 0.5680
vt 0.1442 0.5488
vt 0.1527 0.4911
vt 0.1442 0.4719
vt 0.1527 0.4719
vt 0.1527 0.5103
vt 0.1442 0.4911
vt 0.1527 0.5295
vt 0.1442 0.5103
vt 0.1527 0.5488
vt 0.1442 0.5295
vt 0.1527 0.5680
vt 0.1442 0.5488
vt 0.1527 0.4793
vt 0.1442 0.4719
vt 0.1442 0.4793
vt 0.1527 0.4867
vt 0.1442 0.4867
vt 0.1527 0.4940
vt 0.1442 0.4940
vt 0.1527 0.5014
vt 0.1442 0.5014
vt 0.1527 0.5088
vt 0.1442 0.5088
vt 0.1527 0.5162
vt 0.1442 0.5162
vt 0.1527 0.5236
vt 0.1442 0.5236
vt 0.1527 0.5310
vt 0.1442 0.5310
vt 0.1527 0.5384
vt 0.1442 0.5384
vt 0.1527 0.5458
vt 0.1442 0.5458
vt 0.1527 0.5532
vt 0.1442 0.5532
vt 0.1527 0.5606
vt 0.1442 0.5606
vt 0.1527 0.5680
vt 0.1442 0.5680
vt 0.1271 0.4793
vt 0.1356 0.4719
vt 0.1271 0.4719
vt 0.1442 0.4793
vt 0.1356 0.4793
vt 0.1527 0.4793
vt 0.1442 0.4719
vt 0.1613 0.4793
vt 0.1527 0.4719
vt 0.1698 0.4719
vt 0.1613 0.4719
vt 0.1356 0.4867
vt 0.1271 0.4867
vt 0.1442 0.4867
vt 0.1527 0.4867
vt 0.1613 0.4867
vt 0.1698 0.4793
vt 0.1356 0.4940
vt 0.1271 0.4940
vt 0.1442 0.4940
vt 0.1527 0.4940
vt 0.1613 0.4940
vt 0.1698 0.4940
vt 0.1356 0.5014
vt 0.1271 0.5014
vt 0.1442 0.5014
vt 0.1527 0.5014
vt 0.1613 0.5014
vt 0.1698 0.5014
vt 0.1356 0.5088
vt 0.1271 0.5088
vt 0.1442 0.5088
vt 0.1527 0.5088
vt 0.1613 0.5088
vt 0.1698 0.5088
vt 0.1356 0.5162
vt 0.1271 0.5162
vt 0.1442 0.5162
vt 0.1527 0.5162
vt 0.1613 0.5162
vt 0.1698 0.5162
vt 0.1356 0.5236
vt 0.1271 0.5236
vt 0.1442 0.5236
vt 0.1527 0.5236
vt 0.1613 0.5236
vt 0.1698 0.5236
vt 0.1356 0.5310
vt 0.1271 0.5310
vt 0.1442 0.5310
vt 0.1527 0.5310
vt 0.1613 0.5310
vt 0.1698 0.5310
vt 0.1271 0.5384
vt 0.1442 0.5384
vt 0.1356 0.5384
vt 0.1527 0.5384
vt 0.1698 0.5384
vt 0.1613 0.5384
vt 0.1356 0.5458
vt 0.1271 0.5458
vt 0.1442 0.5458
vt 0.1527 0.5458
vt 0.1698 0.5458
vt 0.1613 0.5458
vt 0.1356 0.5532
vt 0.1271 0.5532
vt 0.1442 0.5532
vt 0.1527 0.5532
vt 0.1698 0.5532
vt 0.1613 0.5532
vt 0.1271 0.5606
vt 0.1442 0.5606
vt 0.1356 0.5606
vt 0.1527 0.5606
vt 0.1613 0.5606
vt 0.1698 0.5606
vt 0.1271 0.5680
vt 0.1442 0.5680
vt 0.1356 0.5680
vt 0.1527 0.5680
vt 0.1613 0.5680
vt 0.5405 0.5718
vt 0.5675 0.5614
vt 0.5405 0.5614
vt 0.1527 0.4793
vt 0.1442 0.4719
vt 0.1442 0.4793
vt 0.1527 0.4867
vt 0.1442 0.4867
vt 0.1527 0.4940
vt 0.1442 0.4940
vt 0.1527 0.5014
vt 0.1442 0.5014
vt 0.1527 0.5088
vt 0.1442 0.5088
vt 0.1527 0.5162
vt 0.1442 0.5162
vt 0.1527 0.5236
vt 0.1442 0.5236
vt 0.1527 0.5310
vt 0.1442 0.5310
vt 0.1527 0.5384
vt 0.1442 0.5384
vt 0.1527 0.5458
vt 0.1442 0.5458
vt 0.1527 0.5532
vt 0.1442 0.5532
vt 0.1527 0.5606
vt 0.1442 0.5606
vt 0.1527 0.5680
vt 0.1442 0.5680
vt 0.1356 0.4793
vt 0.1271 0.4719
vt 0.1271 0.4793
vt 0.1442 0.4719
vt 0.1356 0.4719
vt 0.1442 0.4793
vt 0.1527 0.4719
vt 0.1527 0.4793
vt 0.1613 0.4719
vt 0.1698 0.4793
vt 0.1613 0.4793
vt 0.1356 0.4867
vt 0.1271 0.4867
vt 0.1442 0.4867
vt 0.1527 0.4867
vt 0.1613 0.4867
vt 0.1271 0.4940
vt 0.1442 0.4940
vt 0.1356 0.4940
vt 0.1527 0.4940
vt 0.1613 0.4940
vt 0.1698 0.4867
vt 0.1356 0.5014
vt 0.1271 0.5014
vt 0.1442 0.5014
vt 0.1527 0.5014
vt 0.1698 0.5014
vt 0.1613 0.5014
vt 0.1271 0.5088
vt 0.1442 0.5088
vt 0.1356 0.5088
vt 0.1527 0.5088
vt 0.1613 0.5088
vt 0.1356 0.5162
vt 0.1271 0.5162
vt 0.1442 0.5162
vt 0.1527 0.5162
vt 0.1698 0.5162
vt 0.1613 0.5162
vt 0.1356 0.5236
vt 0.1271 0.5236
vt 0.1442 0.5236
vt 0.1527 0.5236
vt 0.1698 0.5236
vt 0.1613 0.5236
vt 0.1271 0.5310
vt 0.1356 0.5310
vt 0.1442 0.5310
vt 0.1613 0.5310
vt 0.1527 0.5310
vt 0.1698 0.5310
vt 0.1356 0.5384
vt 0.1271 0.5384
vt 0.1442 0.5384
vt 0.1527 0.5384
vt 0.1698 0.5384
vt 0.1613 0.5384
vt 0.1271 0.5458
vt 0.1442 0.5458
vt 0.1356 0.5458
vt 0.1613 0.5458
vt 0.1527 0.5458
vt 0.1271 0.5532
vt 0.1442 0.5532
vt 0.1356 0.5532
vt 0.1527 0.5532
vt 0.1613 0.5532
vt 0.1698 0.5458
vt 0.1356 0.5606
vt 0.1271 0.5606
vt 0.1442 0.5606
vt 0.1527 0.5606
vt 0.1613 0.5606
vt 0.1698 0.5606
vt 0.1356 0.5680
vt 0.1271 0.5680
vt 0.1442 0.5680
vt 0.1613 0.5680
vt 0.1527 0.5680
vt 0.5675 0.5718
vt 0.5405 0.5614
vt 0.5405 0.5718
vt 0.1527 0.4911
vt 0.1442 0.4719
vt 0.1442 0.4911
vt 0.1527 0.5103
vt 0.1442 0.5103
vt 0.1527 0.5295
vt 0.1442 0.5295
vt 0.1527 0.5488
vt 0.1442 0.5488
vt 0.1527 0.5680
vt 0.1442 0.5680
vt 0.1527 0.4911
vt 0.1442 0.4719
vt 0.1442 0.4911
vt 0.1527 0.5103
vt 0.1442 0.5103
vt 0.1527 0.5295
vt 0.1442 0.5295
vt 0.1527 0.5488
vt 0.1442 0.5488
vt 0.1527 0.5680
vt 0.1442 0.5680
vt 0.1442 0.5680
vt 0.1271 0.5680
vt 0.5405 0.5718
vt 0.1527 0.5680
vt 0.1271 0.5680
vt 0.5405 0.5718
vt 0.1442 0.5680
vt 0.9922 0.0312
vt 0.3219 0.5016
vt 0.3453 0.5219
vt 0.3375 0.4594
vt 0.3219 0.5016
vt 0.2984 0.4703
vt 0.1442 0.5680
vt 0.1356 0.5680
vt 0.5675 0.5718
vt 0.1442 0.5680
vt 0.1271 0.5680
vt 0.1613 0.5680
vt 0.5405 0.5718
vt 0.1442 0.5680
vt 0.1442 0.5680
vt 0.1527 0.4719
vt 0.1698 0.4867
vt 0.5675 0.5718
vt 0.1527 0.4719
vt 0.1698 0.4719
vt 0.1698 0.4940
vt 0.1698 0.5088
vt 0.1698 0.5532
vt 0.5675 0.5614
vt 0.1527 0.4719
vt 0.1527 0.4719
s off
f 66/193 68/194 65/195
f 70/196 65/195 69/197
f 72/198 69/197 71/199
f 74/200 76/201 73/202
f 78/203 71/204 77/205
f 79/206 72/207 78/203
f 81/208 80/209 79/206
f 83/210 82/211 81/208
f 85/212 84/213 83/210
f 87/214 86/215 85/212
f 89/216 88/217 87/214
f 91/218 90/219 89/216
f 93/220 92/221 91/218
f 96/222 98/223 95/224
f 100/225 95/224 99/226
f 102/227 99/226 101/228
f 104/229 101/228 103/230
f 92/231 103/230 90/232
f 105/233 97/234 96/222
f 107/235 96/222 100/225
f 108/236 100/225 102/227
f 109/237 102/227 104/229
f 94/238 104/239 92/240
f 110/241 94/242 93/243
f 111/244 109/245 110/241
f 112/246 108/247 111/244
f 113/248 107/249 112/246
f 113/248 106/250 105/251
f 115/252 73/202 67/253
f 116/254 67/253 66/193
f 117/255 66/193 70/196
f 80/256 70/196 72/198
f 118/257 75/258 74/200
f 121/259 77/260 120/261
f 123/262 120/261 122/263
f 125/264 122/263 124/265
f 127/266 124/265 126/267
f 129/268 126/267 128/269
f 130/270 78/271 121/259
f 131/272 121/259 123/262
f 132/273 123/262 125/264
f 133/274 125/264 127/266
f 134/275 127/266 129/268
f 135/276 79/277 130/270
f 136/278 130/270 131/272
f 137/279 131/272 132/273
f 138/280 132/273 133/274
f 139/281 133/274 134/275
f 140/282 81/283 135/276
f 141/284 135/276 136/278
f 142/285 136/278 137/279
f 143/286 137/279 138/280
f 144/287 138/280 139/281
f 145/288 83/289 140/282
f 146/290 140/282 141/284
f 147/291 141/284 142/285
f 148/292 142/285 143/286
f 149/293 143/286 144/287
f 150/294 85/295 145/288
f 151/296 145/288 146/290
f 152/297 146/290 147/291
f 153/298 147/291 148/292
f 154/299 148/292 149/293
f 155/300 87/301 150/294
f 156/302 150/294 151/296
f 157/303 151/296 152/297
f 158/304 152/297 153/298
f 159/305 153/298 154/299
f 160/306 89/307 155/300
f 161/308 155/300 156/302
f 162/309 156/302 157/303
f 163/310 157/303 158/304
f 164/311 158/304 159/305
f 110/312 91/313 160/306
f 111/314 160/306 161/308
f 112/315 161/308 162/309
f 113/316 162/309 163/310
f 114/317 163/318 164/319
f 165/320 74/200 115/252
f 166/321 115/252 116/254
f 167/322 116/254 117/255
f 82/323 117/255 80/256
f 76/324 128/325 168/326
f 75/327 129/328 76/324
f 119/329 134/330 75/327
f 169/331 139/332 119/329
f 170/333 144/334 169/331
f 171/335 149/336 170/333
f 98/337 154/338 171/335
f 97/339 159/340 98/337
f 106/341 164/342 97/339
f 172/343 119/344 118/257
f 173/345 118/257 165/320
f 174/346 165/320 166/321
f 175/347 166/321 167/322
f 84/348 167/322 82/323
f 176/349 169/350 172/343
f 177/351 172/343 173/345
f 178/352 173/345 174/346
f 179/353 174/346 175/347
f 86/354 175/347 84/348
f 180/355 170/356 176/349
f 181/357 176/349 177/351
f 182/358 177/351 178/352
f 183/359 178/352 179/353
f 88/360 179/353 86/354
f 95/224 171/361 180/355
f 99/226 180/355 181/357
f 101/228 181/357 182/358
f 103/230 182/358 183/359
f 90/232 183/359 88/360
f 73/202 168/362 184/363
f 67/253 184/363 68/194
f 179/364 120/365 77/366
f 186/367 188/368 185/369
f 69/370 122/371 120/372
f 65/373 124/374 122/375
f 184/376 124/377 68/378
f 168/379 126/380 184/381
f 190/382 192/383 189/384
f 193/385 191/386 190/382
f 195/387 194/388 193/385
f 197/389 196/390 195/387
f 199/391 198/392 197/389
f 201/393 200/394 199/391
f 203/395 202/396 201/393
f 205/397 204/398 203/395
f 207/399 206/400 205/397
f 209/401 208/402 207/399
f 211/403 210/404 209/401
f 213/405 212/406 211/403
f 215/407 214/408 213/405
f 217/409 190/410 189/411
f 220/412 217/409 219/413
f 222/414 219/413 221/415
f 224/416 221/415 223/417
f 225/418 224/416 223/417
f 227/419 190/410 218/420
f 228/421 218/420 220/412
f 229/422 220/412 222/414
f 230/423 222/414 224/416
f 226/424 230/423 224/416
f 232/425 193/426 227/419
f 228/421 232/425 227/419
f 234/427 228/421 229/422
f 230/423 234/427 229/422
f 236/428 230/423 231/429
f 237/430 195/431 232/425
f 233/432 237/430 232/425
f 239/433 233/432 234/427
f 240/434 234/427 235/435
f 236/428 240/434 235/435
f 242/436 197/437 237/430
f 243/438 237/430 238/439
f 244/440 238/439 239/433
f 245/441 239/433 240/434
f 246/442 240/434 241/443
f 247/444 199/445 242/436
f 248/446 242/436 243/438
f 249/447 243/438 244/440
f 250/448 244/440 245/441
f 246/442 250/448 245/441
f 252/449 201/450 247/444
f 253/451 247/444 248/446
f 254/452 248/446 249/447
f 255/453 249/447 250/448
f 256/454 250/448 251/455
f 257/456 203/457 252/449
f 258/458 252/449 253/451
f 259/459 253/451 254/452
f 260/460 254/452 255/453
f 261/461 255/453 256/454
f 262/462 205/463 257/456
f 263/464 257/456 258/458
f 264/465 258/458 259/459
f 265/466 259/459 260/460
f 266/467 260/460 261/461
f 267/468 207/469 262/462
f 268/470 262/462 263/464
f 269/471 263/464 264/465
f 265/466 269/471 264/465
f 271/472 265/466 266/467
f 272/473 209/474 267/468
f 273/475 267/468 268/470
f 274/476 268/470 269/471
f 270/477 274/476 269/471
f 276/478 270/477 271/472
f 272/473 213/479 211/480
f 278/481 272/473 273/475
f 279/482 273/475 274/476
f 280/483 274/476 275/484
f 281/485 275/484 276/478
f 277/486 215/487 213/479
f 283/488 277/486 278/481
f 284/489 278/481 279/482
f 285/490 279/482 280/483
f 281/491 285/492 280/493
f 288/494 225/495 287/496
f 289/497 226/498 288/494
f 290/499 231/500 289/497
f 291/501 236/502 290/499
f 292/503 241/504 291/501
f 293/505 246/506 292/503
f 294/507 251/508 293/505
f 295/509 256/510 294/507
f 296/511 261/512 295/509
f 297/513 266/514 296/511
f 298/515 271/516 297/513
f 299/517 276/518 298/515
f 300/519 281/520 299/517
f 302/521 287/522 301/523
f 303/524 302/521 301/523
f 305/525 304/526 303/524
f 307/527 306/528 305/525
f 191/529 307/527 192/530
f 309/531 288/532 302/521
f 304/526 309/531 302/521
f 311/533 304/526 306/528
f 312/534 306/528 308/535
f 194/536 308/535 191/529
f 309/531 290/537 289/538
f 314/539 309/531 310/540
f 315/541 310/540 311/533
f 316/542 311/533 312/534
f 196/543 312/534 194/536
f 317/544 290/537 313/545
f 314/539 317/544 313/545
f 315/541 318/546 314/539
f 320/547 315/541 316/542
f 198/548 316/542 196/543
f 317/544 292/549 291/550
f 322/551 317/544 318/546
f 323/552 318/546 319/553
f 324/554 319/553 320/547
f 198/548 324/554 320/547
f 321/555 293/556 292/549
f 326/557 321/555 322/551
f 327/558 322/551 323/552
f 324/554 327/558 323/552
f 202/559 324/554 200/560
f 329/561 293/556 325/562
f 330/563 325/562 326/557
f 331/564 326/557 327/558
f 328/565 331/564 327/558
f 202/559 332/566 328/565
f 329/561 295/567 294/568
f 330/563 333/569 329/561
f 331/564 334/570 330/563
f 336/571 331/564 332/566
f 206/572 332/566 204/573
f 337/574 295/567 333/569
f 338/575 333/569 334/570
f 339/576 334/570 335/577
f 336/571 339/576 335/577
f 208/578 336/571 206/572
f 337/574 297/579 296/580
f 342/581 337/574 338/575
f 339/576 342/581 338/575
f 340/582 343/583 339/576
f 210/584 340/582 208/578
f 341/585 298/586 297/579
f 346/587 341/585 342/581
f 347/588 342/581 343/583
f 348/589 343/583 344/590
f 212/591 344/590 210/584
f 349/592 298/586 345/593
f 350/594 345/593 346/587
f 347/588 350/594 346/587
f 352/595 347/588 348/589
f 214/596 348/589 212/591
f 353/597 299/598 349/592
f 350/594 353/597 349/592
f 351/599 354/600 350/594
f 352/595 355/601 351/599
f 216/602 352/603 214/604
f 282/605 216/606 215/607
f 283/608 356/609 282/605
f 284/610 355/611 283/608
f 285/612 354/613 284/610
f 286/614 353/615 285/612
f 223/616 287/617 225/618
f 221/619 301/620 223/616
f 219/621 303/622 221/619
f 217/623 305/624 219/621
f 189/625 307/626 217/623
f 358/627 360/628 357/629
f 362/630 357/629 361/631
f 364/632 361/631 363/633
f 366/634 363/633 365/635
f 368/636 365/635 367/637
f 370/638 367/637 369/639
f 372/640 369/639 371/641
f 374/642 371/641 373/643
f 376/644 373/643 375/645
f 378/646 375/645 377/647
f 380/648 377/647 379/649
f 382/650 379/649 381/651
f 384/652 381/651 383/653
f 358/654 386/655 359/656
f 387/657 386/655 385/658
f 389/659 388/660 387/657
f 391/661 390/662 389/659
f 391/661 394/663 392/664
f 395/665 358/654 362/666
f 396/667 385/658 395/665
f 397/668 387/657 396/667
f 398/669 389/659 397/668
f 398/669 393/670 391/661
f 400/671 362/666 364/672
f 401/673 395/665 400/671
f 402/674 396/667 401/673
f 403/675 397/668 402/674
f 404/676 398/669 403/675
f 405/677 364/672 366/678
f 406/679 400/671 405/677
f 407/680 401/673 406/679
f 408/681 402/674 407/680
f 409/682 403/675 408/681
f 410/683 366/678 368/684
f 411/685 405/677 410/683
f 412/686 406/679 411/685
f 413/687 407/680 412/686
f 414/688 408/681 413/687
f 415/689 368/684 370/690
f 416/691 410/683 415/689
f 417/692 411/685 416/691
f 418/693 412/686 417/692
f 419/694 413/687 418/693
f 420/695 370/690 372/696
f 421/697 415/689 420/695
f 422/698 416/691 421/697
f 423/699 417/692 422/698
f 424/700 418/693 423/699
f 425/701 372/696 374/702
f 426/703 420/695 425/701
f 427/704 421/697 426/703
f 428/705 422/698 427/704
f 429/706 423/699 428/705
f 376/707 425/701 374/702
f 431/708 425/701 430/709
f 432/710 426/703 431/708
f 432/710 428/705 427/704
f 434/711 428/705 433/712
f 435/713 376/707 378/714
f 436/715 430/709 435/713
f 437/716 431/708 436/715
f 437/716 433/712 432/710
f 439/717 433/712 438/718
f 440/719 378/714 380/720
f 441/721 435/713 440/719
f 442/722 436/715 441/721
f 442/722 438/718 437/716
f 444/723 438/718 443/724
f 382/725 440/719 380/720
f 446/726 440/719 445/727
f 447/728 441/721 446/726
f 448/729 442/722 447/728
f 449/730 443/724 448/729
f 384/731 445/727 382/725
f 451/732 445/727 450/733
f 452/734 446/726 451/732
f 453/735 447/728 452/734
f 453/736 449/737 448/738
f 455/739 394/740 393/741
f 457/742 393/741 399/743
f 458/744 399/743 404/745
f 459/746 404/745 409/747
f 460/748 409/747 414/749
f 461/750 414/749 419/751
f 462/752 419/751 424/753
f 463/754 424/753 429/755
f 464/756 429/755 434/757
f 465/758 434/757 439/759
f 466/760 439/759 444/761
f 467/762 444/761 449/763
f 468/764 449/763 454/765
f 469/766 456/767 455/768
f 469/766 472/769 470/770
f 471/771 474/772 472/769
f 473/773 476/774 474/772
f 357/775 476/774 475/776
f 477/777 455/768 457/778
f 478/779 469/766 477/777
f 479/780 471/771 478/779
f 479/780 475/776 473/773
f 480/781 357/775 475/776
f 458/782 477/777 457/778
f 482/783 477/777 481/784
f 483/785 478/779 482/783
f 484/786 479/780 483/785
f 484/786 361/787 480/781
f 485/788 458/782 459/789
f 485/788 482/783 481/784
f 486/790 483/785 482/783
f 487/791 484/786 483/785
f 365/792 484/786 488/793
f 460/794 485/788 459/789
f 490/795 485/788 489/796
f 491/797 486/790 490/795
f 492/798 487/791 491/797
f 492/798 365/792 488/793
f 493/799 460/794 461/800
f 494/801 489/796 493/799
f 495/802 490/795 494/801
f 495/802 492/798 491/797
f 369/803 492/798 496/804
f 497/805 461/800 462/806
f 498/807 493/799 497/805
f 499/808 494/801 498/807
f 499/808 496/804 495/802
f 371/809 496/804 500/810
f 463/811 497/805 462/806
f 501/812 498/807 497/805
f 502/813 499/808 498/807
f 504/814 499/808 503/815
f 373/816 500/810 504/814
f 505/817 463/811 464/818
f 506/819 501/812 505/817
f 506/819 503/815 502/813
f 507/820 504/814 503/815
f 375/821 504/814 508/822
f 465/823 505/817 464/818
f 510/824 505/817 509/825
f 510/824 507/820 506/819
f 512/826 507/820 511/827
f 512/826 375/821 508/822
f 466/828 509/825 465/823
f 514/829 509/825 513/830
f 515/831 510/824 514/829
f 516/832 511/827 515/831
f 516/832 377/833 512/826
f 517/834 466/828 467/835
f 518/836 513/830 517/834
f 519/837 514/829 518/836
f 520/838 515/831 519/837
f 381/839 516/832 520/838
f 521/840 467/835 468/841
f 521/840 518/836 517/834
f 522/842 519/837 518/836
f 524/843 519/837 523/844
f 383/845 520/846 524/847
f 450/848 383/849 524/850
f 451/851 524/850 523/852
f 452/853 523/852 522/854
f 453/855 522/854 521/856
f 454/857 521/856 468/858
f 392/859 456/860 470/861
f 390/862 470/861 472/863
f 388/864 472/863 474/865
f 386/866 474/865 476/867
f 359/868 476/867 360/869
f 66/193 67/253 68/194
f 70/196 66/193 65/195
f 72/198 70/196 69/197
f 74/200 75/258 76/201
f 78/203 72/207 71/204
f 79/206 80/209 72/207
f 81/208 82/211 80/209
f 83/210 84/213 82/211
f 85/212 86/215 84/213
f 87/214 88/217 86/215
f 89/216 90/219 88/217
f 91/218 92/221 90/219
f 93/220 94/870 92/221
f 96/222 97/234 98/223
f 100/225 96/222 95/224
f 102/227 100/225 99/226
f 104/229 102/227 101/228
f 92/231 104/229 103/230
f 105/233 106/871 97/234
f 107/235 105/233 96/222
f 108/236 107/235 100/225
f 109/237 108/236 102/227
f 94/238 109/872 104/239
f 110/241 109/245 94/242
f 111/244 108/247 109/245
f 112/246 107/249 108/247
f 113/248 105/251 107/249
f 113/248 114/873 106/250
f 115/252 74/200 73/202
f 116/254 115/252 67/253
f 117/255 116/254 66/193
f 80/256 117/255 70/196
f 118/257 119/344 75/258
f 121/259 78/271 77/260
f 123/262 121/259 120/261
f 125/264 123/262 122/263
f 127/266 125/264 124/265
f 129/268 127/266 126/267
f 130/270 79/277 78/271
f 131/272 130/270 121/259
f 132/273 131/272 123/262
f 133/274 132/273 125/264
f 134/275 133/274 127/266
f 135/276 81/283 79/277
f 136/278 135/276 130/270
f 137/279 136/278 131/272
f 138/280 137/279 132/273
f 139/281 138/280 133/274
f 140/282 83/289 81/283
f 141/284 140/282 135/276
f 142/285 141/284 136/278
f 143/286 142/285 137/279
f 144/287 143/286 138/280
f 145/288 85/295 83/289
f 146/290 145/288 140/282
f 147/291 146/290 141/284
f 148/292 147/291 142/285
f 149/293 148/292 143/286
f 150/294 87/301 85/295
f 151/296 150/294 145/288
f 152/297 151/296 146/290
f 153/298 152/297 147/291
f 154/299 153/298 148/292
f 155/300 89/307 87/301
f 156/302 155/300 150/294
f 157/303 156/302 151/296
f 158/304 157/303 152/297
f 159/305 158/304 153/298
f 160/306 91/313 89/307
f 161/308 160/306 155/300
f 162/309 161/308 156/302
f 163/310 162/309 157/303
f 164/311 163/310 158/304
f 110/312 93/874 91/313
f 111/314 110/312 160/306
f 112/315 111/314 161/308
f 113/316 112/315 162/309
f 114/317 113/875 163/318
f 165/320 118/257 74/200
f 166/321 165/320 115/252
f 167/322 166/321 116/254
f 82/323 167/322 117/255
f 76/324 129/328 128/325
f 75/327 134/330 129/328
f 119/329 139/332 134/330
f 169/331 144/334 139/332
f 170/333 149/336 144/334
f 171/335 154/338 149/336
f 98/337 159/340 154/338
f 97/339 164/342 159/340
f 106/341 114/876 164/342
f 172/343 169/350 119/344
f 173/345 172/343 118/257
f 174/346 173/345 165/320
f 175/347 174/346 166/321
f 84/348 175/347 167/322
f 176/349 170/356 169/350
f 177/351 176/349 172/343
f 178/352 177/351 173/345
f 179/353 178/352 174/346
f 86/354 179/353 175/347
f 180/355 171/361 170/356
f 181/357 180/355 176/349
f 182/358 181/357 177/351
f 183/359 182/358 178/352
f 88/360 183/359 179/353
f 95/224 98/223 171/361
f 99/226 95/224 180/355
f 101/228 99/226 181/357
f 103/230 101/228 182/358
f 90/232 103/230 183/359
f 73/202 76/201 168/362
f 67/253 73/202 184/363
f 179/364 178/877 120/365
f 186/367 187/878 188/368
f 69/370 65/879 122/371
f 65/373 68/880 124/374
f 184/376 126/881 124/377
f 168/379 128/882 126/380
f 190/382 191/386 192/383
f 193/385 194/388 191/386
f 195/387 196/390 194/388
f 197/389 198/392 196/390
f 199/391 200/394 198/392
f 201/393 202/396 200/394
f 203/395 204/398 202/396
f 205/397 206/400 204/398
f 207/399 208/402 206/400
f 209/401 210/404 208/402
f 211/403 212/406 210/404
f 213/405 214/408 212/406
f 215/407 216/883 214/408
f 217/409 218/420 190/410
f 220/412 218/420 217/409
f 222/414 220/412 219/413
f 224/416 222/414 221/415
f 225/418 226/424 224/416
f 227/419 193/426 190/410
f 228/421 227/419 218/420
f 229/422 228/421 220/412
f 230/423 229/422 222/414
f 226/424 231/429 230/423
f 232/425 195/431 193/426
f 228/421 233/432 232/425
f 234/427 233/432 228/421
f 230/423 235/435 234/427
f 236/428 235/435 230/423
f 237/430 197/437 195/431
f 233/432 238/439 237/430
f 239/433 238/439 233/432
f 240/434 239/433 234/427
f 236/428 241/443 240/434
f 242/436 199/445 197/437
f 243/438 242/436 237/430
f 244/440 243/438 238/439
f 245/441 244/440 239/433
f 246/442 245/441 240/434
f 247/444 201/450 199/445
f 248/446 247/444 242/436
f 249/447 248/446 243/438
f 250/448 249/447 244/440
f 246/442 251/455 250/448
f 252/449 203/457 201/450
f 253/451 252/449 247/444
f 254/452 253/451 248/446
f 255/453 254/452 249/447
f 256/454 255/453 250/448
f 257/456 205/463 203/457
f 258/458 257/456 252/449
f 259/459 258/458 253/451
f 260/460 259/459 254/452
f 261/461 260/460 255/453
f 262/462 207/469 205/463
f 263/464 262/462 257/456
f 264/465 263/464 258/458
f 265/466 264/465 259/459
f 266/467 265/466 260/460
f 267/468 209/474 207/469
f 268/470 267/468 262/462
f 269/471 268/470 263/464
f 265/466 270/477 269/471
f 271/472 270/477 265/466
f 272/473 211/480 209/474
f 273/475 272/473 267/468
f 274/476 273/475 268/470
f 270/477 275/484 274/476
f 276/478 275/484 270/477
f 272/473 277/486 213/479
f 278/481 277/486 272/473
f 279/482 278/481 273/475
f 280/483 279/482 274/476
f 281/485 280/483 275/484
f 277/486 282/884 215/487
f 283/488 282/884 277/486
f 284/489 283/488 278/481
f 285/490 284/489 279/482
f 281/491 286/885 285/492
f 288/494 226/498 225/495
f 289/497 231/500 226/498
f 290/499 236/502 231/500
f 291/501 241/504 236/502
f 292/503 246/506 241/504
f 293/505 251/508 246/506
f 294/507 256/510 251/508
f 295/509 261/512 256/510
f 296/511 266/514 261/512
f 297/513 271/516 266/514
f 298/515 276/518 271/516
f 299/517 281/520 276/518
f 300/519 286/886 281/520
f 302/521 288/532 287/522
f 303/524 304/526 302/521
f 305/525 306/528 304/526
f 307/527 308/535 306/528
f 191/529 308/535 307/527
f 309/531 289/538 288/532
f 304/526 310/540 309/531
f 311/533 310/540 304/526
f 312/534 311/533 306/528
f 194/536 312/534 308/535
f 309/531 313/545 290/537
f 314/539 313/545 309/531
f 315/541 314/539 310/540
f 316/542 315/541 311/533
f 196/543 316/542 312/534
f 317/544 291/550 290/537
f 314/539 318/546 317/544
f 315/541 319/553 318/546
f 320/547 319/553 315/541
f 198/548 320/547 316/542
f 317/544 321/555 292/549
f 322/551 321/555 317/544
f 323/552 322/551 318/546
f 324/554 323/552 319/553
f 198/548 200/560 324/554
f 321/555 325/562 293/556
f 326/557 325/562 321/555
f 327/558 326/557 322/551
f 324/554 328/565 327/558
f 202/559 328/565 324/554
f 329/561 294/568 293/556
f 330/563 329/561 325/562
f 331/564 330/563 326/557
f 328/565 332/566 331/564
f 202/559 204/573 332/566
f 329/561 333/569 295/567
f 330/563 334/570 333/569
f 331/564 335/577 334/570
f 336/571 335/577 331/564
f 206/572 336/571 332/566
f 337/574 296/580 295/567
f 338/575 337/574 333/569
f 339/576 338/575 334/570
f 336/571 340/582 339/576
f 208/578 340/582 336/571
f 337/574 341/585 297/579
f 342/581 341/585 337/574
f 339/576 343/583 342/581
f 340/582 344/590 343/583
f 210/584 344/590 340/582
f 341/585 345/593 298/586
f 346/587 345/593 341/585
f 347/588 346/587 342/581
f 348/589 347/588 343/583
f 212/591 348/589 344/590
f 349/592 299/598 298/586
f 350/594 349/592 345/593
f 347/588 351/599 350/594
f 352/595 351/599 347/588
f 214/596 352/595 348/589
f 353/597 300/887 299/598
f 350/594 354/600 353/597
f 351/599 355/601 354/600
f 352/595 356/888 355/601
f 216/602 356/889 352/603
f 282/605 356/609 216/606
f 283/608 355/611 356/609
f 284/610 354/613 355/611
f 285/612 353/615 354/613
f 286/614 300/890 353/615
f 223/616 301/620 287/617
f 221/619 303/622 301/620
f 219/621 305/624 303/622
f 217/623 307/626 305/624
f 189/625 192/891 307/626
f 358/627 359/892 360/628
f 362/630 358/627 357/629
f 364/632 362/630 361/631
f 366/634 364/632 363/633
f 368/636 366/634 365/635
f 370/638 368/636 367/637
f 372/640 370/638 369/639
f 374/642 372/640 371/641
f 376/644 374/642 373/643
f 378/646 376/644 375/645
f 380/648 378/646 377/647
f 382/650 380/648 379/649
f 384/652 382/650 381/651
f 358/654 385/658 386/655
f 387/657 388/660 386/655
f 389/659 390/662 388/660
f 391/661 392/664 390/662
f 391/661 393/670 394/663
f 395/665 385/658 358/654
f 396/667 387/657 385/658
f 397/668 389/659 387/657
f 398/669 391/661 389/659
f 398/669 399/893 393/670
f 400/671 395/665 362/666
f 401/673 396/667 395/665
f 402/674 397/668 396/667
f 403/675 398/669 397/668
f 404/676 399/893 398/669
f 405/677 400/671 364/672
f 406/679 401/673 400/671
f 407/680 402/674 401/673
f 408/681 403/675 402/674
f 409/682 404/676 403/675
f 410/683 405/677 366/678
f 411/685 406/679 405/677
f 412/686 407/680 406/679
f 413/687 408/681 407/680
f 414/688 409/682 408/681
f 415/689 410/683 368/684
f 416/691 411/685 410/683
f 417/692 412/686 411/685
f 418/693 413/687 412/686
f 419/694 414/688 413/687
f 420/695 415/689 370/690
f 421/697 416/691 415/689
f 422/698 417/692 416/691
f 423/699 418/693 417/692
f 424/700 419/694 418/693
f 425/701 420/695 372/696
f 426/703 421/697 420/695
f 427/704 422/698 421/697
f 428/705 423/699 422/698
f 429/706 424/700 423/699
f 376/707 430/709 425/701
f 431/708 426/703 425/701
f 432/710 427/704 426/703
f 432/710 433/712 428/705
f 434/711 429/706 428/705
f 435/713 430/709 376/707
f 436/715 431/708 430/709
f 437/716 432/710 431/708
f 437/716 438/718 433/712
f 439/717 434/711 433/712
f 440/719 435/713 378/714
f 441/721 436/715 435/713
f 442/722 437/716 436/715
f 442/722 443/724 438/718
f 444/723 439/717 438/718
f 382/725 445/727 440/719
f 446/726 441/721 440/719
f 447/728 442/722 441/721
f 448/729 443/724 442/722
f 449/730 444/723 443/724
f 384/731 450/733 445/727
f 451/732 446/726 445/727
f 452/734 447/728 446/726
f 453/735 448/729 447/728
f 453/736 454/894 449/737
f 455/739 456/895 394/740
f 457/742 455/739 393/741
f 458/744 457/742 399/743
f 459/746 458/744 404/745
f 460/748 459/746 409/747
f 461/750 460/748 414/749
f 462/752 461/750 419/751
f 463/754 462/752 424/753
f 464/756 463/754 429/755
f 465/758 464/756 434/757
f 466/760 465/758 439/759
f 467/762 466/760 444/761
f 468/764 467/762 449/763
f 469/766 470/770 456/767
f 469/766 471/771 472/769
f 471/771 473/773 474/772
f 473/773 475/776 476/774
f 357/775 360/896 476/774
f 477/777 469/766 455/768
f 478/779 471/771 469/766
f 479/780 473/773 471/771
f 479/780 480/781 475/776
f 480/781 361/787 357/775
f 458/782 481/784 477/777
f 482/783 478/779 477/777
f 483/785 479/780 478/779
f 484/786 480/781 479/780
f 484/786 363/897 361/787
f 485/788 481/784 458/782
f 485/788 486/790 482/783
f 486/790 487/791 483/785
f 487/791 488/793 484/786
f 365/792 363/897 484/786
f 460/794 489/796 485/788
f 490/795 486/790 485/788
f 491/797 487/791 486/790
f 492/798 488/793 487/791
f 492/798 367/898 365/792
f 493/799 489/796 460/794
f 494/801 490/795 489/796
f 495/802 491/797 490/795
f 495/802 496/804 492/798
f 369/803 367/898 492/798
f 497/805 493/799 461/800
f 498/807 494/801 493/799
f 499/808 495/802 494/801
f 499/808 500/810 496/804
f 371/809 369/803 496/804
f 463/811 501/812 497/805
f 501/812 502/813 498/807
f 502/813 503/815 499/808
f 504/814 500/810 499/808
f 373/816 371/809 500/810
f 505/817 501/812 463/811
f 506/819 502/813 501/812
f 506/819 507/820 503/815
f 507/820 508/822 504/814
f 375/821 373/816 504/814
f 465/823 509/825 505/817
f 510/824 506/819 505/817
f 510/824 511/827 507/820
f 512/826 508/822 507/820
f 512/826 377/833 375/821
f 466/828 513/830 509/825
f 514/829 510/824 509/825
f 515/831 511/827 510/824
f 516/832 512/826 511/827
f 516/832 379/899 377/833
f 517/834 513/830 466/828
f 518/836 514/829 513/830
f 519/837 515/831 514/829
f 520/838 516/832 515/831
f 381/839 379/899 516/832
f 521/840 517/834 467/835
f 521/840 522/842 518/836
f 522/842 523/844 519/837
f 524/843 520/838 519/837
f 383/845 381/900 520/846
f 450/848 384/901 383/849
f 451/851 450/848 524/850
f 452/853 451/851 523/852
f 453/855 452/853 522/854
f 454/857 453/855 521/856
f 392/859 394/902 456/860
f 390/862 392/859 470/861
f 388/864 390/862 472/863
f 386/866 388/864 474/865
f 359/868 386/866 476/867
o corp
v 0.145151 -0.324254 0.658570
v 0.145151 -0.324254 0.151295
v 0.145151 -0.230672 0.151295
v 0.145151 -0.230672 0.658570
v -0.136099 -0.230672 0.658570
v -0.136099 -0.230672 0.151295
v -0.136099 -0.324254 0.151295
v -0.136099 -0.324254 0.658570
v 0.238901 0.285121 0.449030
v 0.238901 0.285121 0.184107
v 0.238901 0.425746 0.184107
v 0.238901 0.425746 0.449030
v -0.229849 0.425746 0.449030
v -0.229849 0.425746 0.184107
v -0.229849 0.285121 0.184107
v -0.229849 0.285121 0.449030
v -0.028620 0.285121 0.308405
v -0.028620 -0.183629 0.308405
v -0.094911 -0.183629 0.242114
v -0.094911 0.285121 0.242113
v -0.161202 0.285121 0.440988
v -0.227493 0.285121 0.374696
v -0.227493 -0.183629 0.374697
v -0.161202 -0.183629 0.440988
v 0.134883 -0.277726 0.492409
v 0.134883 -0.183629 0.492409
v 0.134883 -0.183629 0.151295
v 0.134883 -0.277726 0.151295
v 0.331600 -0.183629 0.151295
v 0.331600 -0.183629 0.492409
v 0.331600 -0.277726 0.492409
v 0.331600 -0.277726 0.151295
v 0.203400 0.285121 0.374696
v 0.203400 0.191371 0.374697
v 0.004526 0.191371 0.175822
v 0.004526 0.285121 0.175822
v 0.004526 0.285121 0.573570
v -0.194348 0.285121 0.374696
v -0.194348 0.191371 0.374697
v 0.004526 0.191371 0.573570
v 0.145151 0.294496 0.655280
v 0.145151 0.294496 0.155982
v 0.145151 0.481996 0.155982
v 0.145151 0.481996 0.655280
v -0.136099 0.481996 0.655280
v -0.136099 0.481996 0.155982
v -0.136099 0.294496 0.155982
v -0.136099 0.294496 0.655280
v 0.145151 0.281386 0.659749
v 0.145151 0.380823 0.560312
v 0.145151 0.480260 0.659749
v 0.145151 0.380823 0.759186
v -0.136099 0.281386 0.659749
v -0.136099 0.380823 0.759186
v -0.136099 0.480260 0.659749
v -0.136099 0.380823 0.560312
v 0.236545 0.285121 0.440988
v 0.137109 0.285121 0.341551
v 0.137109 0.412425 0.341551
v 0.236545 0.412425 0.440988
v 0.137109 0.285121 0.540424
v 0.137109 0.412425 0.540424
v 0.037671 0.412425 0.440988
v 0.037671 0.285121 0.440988
v 0.137109 0.285121 0.374696
v 0.137109 -0.183629 0.374697
v 0.004526 -0.183629 0.242114
v 0.004526 0.285121 0.242113
v 0.004526 0.285121 0.507279
v -0.128057 0.285121 0.374696
v -0.128057 -0.183629 0.374697
v 0.004526 -0.183629 0.507279
v 0.095557 0.304402 0.641350
v 0.095557 -0.242231 0.641350
v 0.095557 -0.242231 0.595834
v 0.095557 0.304402 0.595834
v -0.086505 0.304402 0.641350
v -0.086505 0.304402 0.595834
v -0.086505 -0.242231 0.595834
v -0.086505 -0.242231 0.641350
v 0.223287 0.285121 0.374696
v 0.223287 -0.183629 0.374697
v 0.090705 -0.183629 0.242114
v 0.090705 0.285121 0.242113
v 0.156996 0.285121 0.440988
v 0.024414 0.285121 0.308405
v 0.024414 -0.183629 0.308405
v 0.156996 -0.183629 0.440988
v -0.125831 -0.277726 0.492409
v -0.125831 -0.277726 0.151295
v -0.125831 -0.183629 0.151295
v -0.125831 -0.183629 0.492409
v -0.322548 -0.277726 0.492409
v -0.322548 -0.183629 0.492409
v -0.322548 -0.183629 0.151295
v -0.322548 -0.277726 0.151295
v 0.145151 0.285121 0.449030
v 0.145151 -0.183629 0.449030
v 0.145151 -0.183629 0.308405
v 0.145151 0.285121 0.308405
v -0.136099 0.285121 0.449030
v -0.136099 0.285121 0.308405
v -0.136099 -0.183629 0.308405
v -0.136099 -0.183629 0.449030
v 0.203400 0.003871 0.374697
v 0.004526 0.003871 0.175822
v 0.004526 0.097621 0.175822
v 0.203400 0.097621 0.374697
v 0.004526 0.003871 0.573570
v 0.004526 0.097621 0.573570
v -0.194348 0.097621 0.374697
v -0.194348 0.003871 0.374697
v -0.028620 0.412425 0.440988
v -0.028620 0.285121 0.440988
v -0.128057 0.285121 0.341551
v -0.128057 0.412425 0.341551
v -0.128057 0.412425 0.540424
v -0.227493 0.412425 0.440988
v -0.227493 0.285121 0.440988
v -0.128057 0.285121 0.540424
v 0.203400 -0.183629 0.374697
v 0.004526 -0.183629 0.175822
v 0.004526 -0.089879 0.175822
v 0.203400 -0.089879 0.374697
v 0.004526 -0.089879 0.573570
v -0.194348 -0.089879 0.374697
v -0.194348 -0.183629 0.374697
v 0.004526 -0.183629 0.573570
v 0.201401 -0.276428 0.391428
v 0.201401 -0.274317 0.271152
v 0.201401 -0.380787 0.321218
v 0.201401 -0.325384 0.419130
v 0.313901 -0.276428 0.391428
v 0.313901 -0.325384 0.419130
v 0.313901 -0.380787 0.321218
v 0.313901 -0.274317 0.271152
v 0.215463 -0.303075 0.355314
v 0.215463 -0.380303 0.321330
v 0.215463 -0.448271 0.475787
v 0.215463 -0.371042 0.509771
v 0.299838 -0.303075 0.355314
v 0.299838 -0.371042 0.509771
v 0.299838 -0.448271 0.475787
v 0.299838 -0.380303 0.321330
v -0.304849 -0.276428 0.391428
v -0.304849 -0.274317 0.271152
v -0.304849 -0.380787 0.321218
v -0.304849 -0.325384 0.419130
v -0.192349 -0.276428 0.391428
v -0.192349 -0.325384 0.419130
v -0.192349 -0.380787 0.321218
v -0.192349 -0.274317 0.271152
v -0.290787 -0.303075 0.355314
v -0.290787 -0.380303 0.321330
v -0.290787 -0.448271 0.475787
v -0.290787 -0.371042 0.509771
v -0.206412 -0.303075 0.355314
v -0.206412 -0.371042 0.509771
v -0.206412 -0.448271 0.475787
v -0.206412 -0.380303 0.321330
v -0.332974 -0.399640 0.627268
v -0.332974 -0.353850 0.524508
v -0.332974 -0.456610 0.478719
v -0.332974 -0.502400 0.581478
v 0.342026 -0.399640 0.627268
v 0.342026 -0.502400 0.581478
v 0.342026 -0.456610 0.478719
v 0.342026 -0.353850 0.524508
v -0.304849 -0.321100 0.501020
v -0.304849 -0.475557 0.433052
v -0.304849 -0.543524 0.587509
v -0.304849 -0.389067 0.655477
v -0.192349 -0.321100 0.501020
v -0.192349 -0.389067 0.655477
v -0.192349 -0.543524 0.587509
v -0.192349 -0.475557 0.433052
v 0.201401 -0.321100 0.501020
v 0.201401 -0.475557 0.433052
v 0.201401 -0.543524 0.587509
v 0.201401 -0.389067 0.655477
v 0.313901 -0.321100 0.501020
v 0.313901 -0.389067 0.655477
v 0.313901 -0.543524 0.587509
v 0.313901 -0.475557 0.433052
v 0.270864 0.288142 0.524879
v 0.289436 0.407711 0.556039
v 0.317492 0.417667 0.501113
v 0.298920 0.298098 0.469953
v 0.372535 0.402506 0.526482
v 0.344479 0.392550 0.581408
v 0.325907 0.272981 0.550247
v 0.353963 0.282938 0.495321
v 0.208600 -0.233680 0.309656
v 0.166515 -0.248614 0.392045
v 0.250089 0.289443 0.532268
v 0.292174 0.304378 0.449880
v 0.332654 0.266702 0.570320
v 0.249080 -0.271356 0.430097
v 0.291165 -0.256421 0.347708
v 0.374738 0.281637 0.487932
v -0.261812 0.288142 0.524879
v -0.289868 0.298098 0.469953
v -0.308440 0.417667 0.501113
v -0.280384 0.407711 0.556039
v -0.316855 0.272981 0.550247
v -0.335427 0.392550 0.581408
v -0.363483 0.402506 0.526482
v -0.344911 0.282938 0.495321
v -0.241037 0.289443 0.532268
v -0.157463 -0.248614 0.392045
v -0.199548 -0.233680 0.309656
v -0.283122 0.304378 0.449880
v -0.323602 0.266702 0.570320
v -0.365686 0.281637 0.487932
v -0.282113 -0.256421 0.347708
v -0.240028 -0.271356 0.430097
v 0.242659 0.280481 0.532581
v 0.246899 0.145167 0.570627
v 0.200257 0.121804 0.492732
v 0.196017 0.257118 0.454686
v 0.124988 0.160573 0.639006
v 0.120748 0.295887 0.600959
v 0.074105 0.272523 0.523064
v 0.078345 0.137209 0.561110
v 0.237535 0.176128 0.595156
v 0.097607 0.106037 0.361471
v 0.094780 0.196246 0.336107
v 0.234708 0.266337 0.569792
v 0.156260 0.186399 0.640742
v 0.153434 0.276608 0.615378
v 0.013506 0.206517 0.381692
v 0.016333 0.116308 0.407056
v 0.246899 -0.059146 0.570627
v 0.242659 -0.194460 0.532581
v 0.196017 -0.171096 0.454686
v 0.200257 -0.035783 0.492732
v 0.074105 -0.186502 0.523064
v 0.120748 -0.209866 0.600959
v 0.124988 -0.074552 0.639006
v 0.078345 -0.051188 0.561110
v 0.237535 -0.090107 0.595156
v 0.234708 -0.180316 0.569792
v 0.094780 -0.110225 0.336107
v 0.097607 -0.020016 0.361471
v 0.013506 -0.120496 0.381692
v 0.153434 -0.190587 0.615378
v 0.156260 -0.100378 0.640742
v 0.016333 -0.030286 0.407056
v -0.191205 0.121804 0.492732
v -0.237847 0.145167 0.570627
v -0.233607 0.280481 0.532581
v -0.186965 0.257118 0.454686
v -0.065053 0.272523 0.523064
v -0.111696 0.295887 0.600959
v -0.115936 0.160573 0.639006
v -0.069293 0.137209 0.561110
v -0.228483 0.176128 0.595156
v -0.225656 0.266337 0.569792
v -0.085728 0.196246 0.336107
v -0.088555 0.106037 0.361471
v -0.004454 0.206517 0.381692
v -0.144382 0.276608 0.615378
v -0.147208 0.186399 0.640742
v -0.007281 0.116308 0.407056
v -0.237847 -0.059146 0.570627
v -0.191205 -0.035783 0.492732
v -0.186965 -0.171096 0.454686
v -0.233607 -0.194460 0.532581
v -0.115936 -0.074552 0.639006
v -0.111696 -0.209866 0.600959
v -0.065053 -0.186502 0.523064
v -0.069293 -0.051188 0.561110
v -0.228483 -0.090107 0.595156
v -0.088555 -0.020016 0.361471
v -0.085728 -0.110225 0.336107
v -0.225656 -0.180316 0.569792
v -0.147208 -0.100378 0.640742
v -0.144382 -0.190587 0.615378
v -0.004454 -0.120496 0.381692
v -0.007281 -0.030286 0.407056
v 0.235118 -0.035527 0.541737
v 0.177224 -0.032826 0.468048
v 0.180490 0.107737 0.470635
v 0.238384 0.105036 0.544323
v 0.127825 0.106006 0.631221
v 0.069931 0.108707 0.557532
v 0.066665 -0.031856 0.554945
v 0.124559 -0.034558 0.628634
v 0.231709 -0.012614 0.575073
v 0.058027 -0.004510 0.354007
v 0.060204 0.089199 0.355732
v 0.233887 0.081095 0.576797
v 0.158004 -0.011967 0.633005
v 0.160181 0.081742 0.634729
v -0.013501 0.089845 0.413663
v -0.015679 -0.003864 0.411938
v -0.226066 -0.035527 0.541737
v -0.229332 0.105036 0.544323
v -0.171438 0.107737 0.470635
v -0.168172 -0.032826 0.468048
v -0.118773 0.106006 0.631221
v -0.115507 -0.034558 0.628634
v -0.057613 -0.031856 0.554945
v -0.060879 0.108707 0.557532
v -0.222657 -0.012614 0.575073
v -0.224835 0.081095 0.576797
v -0.051152 0.089199 0.355732
v -0.048975 -0.004510 0.354007
v 0.022553 0.089845 0.413663
v -0.151129 0.081742 0.634729
v -0.148952 -0.011967 0.633005
v 0.024731 -0.003864 0.411938
v 0.230905 0.391968 0.490895
v 0.229150 0.324638 0.489947
v 0.195710 0.325932 0.460002
v 0.197466 0.393262 0.460950
v 0.185980 0.392432 0.541083
v 0.152541 0.393726 0.511138
v 0.150785 0.326396 0.510189
v 0.184224 0.325102 0.540135
v 0.231485 0.380500 0.506588
v 0.230314 0.335613 0.505956
v 0.129997 0.339495 0.416121
v 0.131167 0.384382 0.416753
v 0.200364 0.335923 0.539414
v 0.201535 0.380810 0.540047
v 0.101217 0.384691 0.450211
v 0.100047 0.339805 0.449579
v -0.186658 0.325932 0.460002
v -0.220098 0.324638 0.489947
v -0.221853 0.391968 0.490895
v -0.188414 0.393262 0.460950
v -0.176928 0.392432 0.541083
v -0.175172 0.325102 0.540135
v -0.141733 0.326396 0.510189
v -0.143489 0.393726 0.511138
v -0.120945 0.339495 0.416121
v -0.221262 0.335613 0.505956
v -0.222433 0.380500 0.506588
v -0.122115 0.384382 0.416753
v -0.092165 0.384691 0.450211
v -0.192483 0.380810 0.540047
v -0.191312 0.335923 0.539414
v -0.090995 0.339805 0.449579
vt 0.0469 0.8593
vt 0.0704 0.7655
vt 0.0469 0.7655
vt 0.1173 0.8593
vt 0.1407 0.7655
vt 0.1173 0.7655
vt 0.0469 0.9062
vt 0.0704 0.8593
vt 0.0469 0.8593
vt 0.0704 0.9062
vt 0.0938 0.8593
vt 0.0704 0.8593
vt 0.0001 0.8593
vt 0.0469 0.7655
vt 0.0001 0.7655
vt 0.0704 0.8593
vt 0.1173 0.7655
vt 0.0704 0.7655
vt 0.0782 0.6561
vt 0.1016 0.6014
vt 0.0782 0.6014
vt 0.1798 0.6561
vt 0.2032 0.6014
vt 0.1798 0.6014
vt 0.0782 0.7343
vt 0.1016 0.6561
vt 0.0782 0.6561
vt 0.1016 0.7343
vt 0.1251 0.6561
vt 0.1016 0.6561
vt 0.0001 0.6561
vt 0.0782 0.6014
vt 0.0001 0.6014
vt 0.1016 0.6561
vt 0.1798 0.6014
vt 0.1016 0.6014
vt 0.6565 0.7580
vt 0.5784 0.7737
vt 0.6565 0.7737
vt 0.6878 0.7580
vt 0.7659 0.7737
vt 0.7659 0.7580
vt 0.5784 0.8049
vt 0.6565 0.7737
vt 0.5784 0.7737
vt 0.6565 0.7737
vt 0.7346 0.8049
vt 0.7346 0.7737
vt 0.5471 0.7580
vt 0.5784 0.7737
vt 0.5784 0.7580
vt 0.6878 0.7580
vt 0.6565 0.7737
vt 0.6878 0.7737
vt 0.0469 0.7655
vt 0.0704 0.8593
vt 0.0469 0.8593
vt 0.1173 0.7655
vt 0.1407 0.8593
vt 0.1173 0.8593
vt 0.0704 0.8593
vt 0.0469 0.9062
vt 0.0469 0.8593
vt 0.0938 0.8593
vt 0.0704 0.9062
vt 0.0704 0.8593
vt 0.0469 0.7655
vt 0.0001 0.8593
vt 0.0001 0.7655
vt 0.1173 0.7655
vt 0.0704 0.8593
vt 0.0704 0.7655
vt 0.4534 0.8674
vt 0.4377 0.9143
vt 0.4534 0.9143
vt 0.5002 0.8674
vt 0.5159 0.9143
vt 0.5159 0.8674
vt 0.4534 0.9143
vt 0.4377 0.9612
vt 0.4534 0.9612
vt 0.4534 0.9143
vt 0.4690 0.9612
vt 0.4690 0.9143
vt 0.3908 0.9143
vt 0.4377 0.8674
vt 0.3908 0.8674
vt 0.4534 0.8674
vt 0.5002 0.9143
vt 0.5002 0.8674
vt 0.2814 0.5936
vt 0.3126 0.4998
vt 0.2814 0.4998
vt 0.3439 0.5936
vt 0.3908 0.4998
vt 0.3439 0.4998
vt 0.2814 0.6405
vt 0.3126 0.5936
vt 0.2814 0.5936
vt 0.3126 0.6405
vt 0.3439 0.5936
vt 0.3126 0.5936
vt 0.2345 0.5936
vt 0.2814 0.4998
vt 0.2345 0.4998
vt 0.3126 0.5936
vt 0.3439 0.4998
vt 0.3126 0.4998
vt 0.2032 0.8124
vt 0.2267 0.7890
vt 0.2032 0.7890
vt 0.2970 0.7890
vt 0.2735 0.8124
vt 0.2970 0.8124
vt 0.2032 0.8593
vt 0.2267 0.8124
vt 0.2032 0.8124
vt 0.2267 0.8593
vt 0.2501 0.8124
vt 0.2267 0.8124
vt 0.1563 0.8124
vt 0.2032 0.7890
vt 0.1563 0.7890
vt 0.2267 0.8124
vt 0.2735 0.7890
vt 0.2267 0.7890
vt 0.2345 0.6796
vt 0.2579 0.6561
vt 0.2345 0.6561
vt 0.2814 0.6561
vt 0.3048 0.6796
vt 0.3048 0.6561
vt 0.2345 0.6796
vt 0.2579 0.7030
vt 0.2579 0.6796
vt 0.2579 0.6796
vt 0.2814 0.7030
vt 0.2814 0.6796
vt 0.2345 0.6561
vt 0.2110 0.6796
vt 0.2345 0.6796
vt 0.2579 0.6561
vt 0.2814 0.6796
vt 0.2814 0.6561
vt 0.6565 0.9378
vt 0.5784 0.9690
vt 0.6565 0.9690
vt 0.6878 0.9378
vt 0.7659 0.9690
vt 0.7659 0.9378
vt 0.6565 0.9690
vt 0.5784 1.0003
vt 0.6565 1.0003
vt 0.6565 0.9690
vt 0.7346 1.0003
vt 0.7346 0.9690
vt 0.5471 0.9378
vt 0.5784 0.9690
vt 0.5784 0.9378
vt 0.6565 0.9378
vt 0.6878 0.9690
vt 0.6878 0.9378
vt 0.2579 0.9609
vt 0.1876 0.9687
vt 0.2579 0.9687
vt 0.2892 0.9609
vt 0.3595 0.9687
vt 0.3595 0.9609
vt 0.1876 0.9999
vt 0.2579 0.9687
vt 0.1876 0.9687
vt 0.2579 0.9999
vt 0.3282 0.9687
vt 0.2579 0.9687
vt 0.1563 0.9687
vt 0.1876 0.9609
vt 0.1563 0.9609
vt 0.2579 0.9687
vt 0.2892 0.9609
vt 0.2579 0.9609
vt 0.6409 0.7659
vt 0.5627 0.7971
vt 0.6409 0.7971
vt 0.6565 0.7971
vt 0.7346 0.7659
vt 0.6565 0.7659
vt 0.6409 0.7971
vt 0.5627 0.8127
vt 0.6409 0.8127
vt 0.6409 0.8127
vt 0.7190 0.7971
vt 0.6409 0.7971
vt 0.5471 0.7659
vt 0.5627 0.7971
vt 0.5627 0.7659
vt 0.6565 0.7659
vt 0.6409 0.7971
vt 0.6565 0.7971
vt 0.0469 0.8593
vt 0.0704 0.7655
vt 0.0469 0.7655
vt 0.1407 0.7655
vt 0.1173 0.8593
vt 0.1407 0.8593
vt 0.0469 0.9062
vt 0.0704 0.8593
vt 0.0469 0.8593
vt 0.0704 0.9062
vt 0.0938 0.8593
vt 0.0704 0.8593
vt 0.0001 0.8593
vt 0.0469 0.7655
vt 0.0001 0.7655
vt 0.0704 0.8593
vt 0.1173 0.7655
vt 0.0704 0.7655
vt 0.6721 0.8596
vt 0.5940 0.8831
vt 0.6721 0.8831
vt 0.7190 0.8596
vt 0.7971 0.8831
vt 0.7971 0.8596
vt 0.5940 0.9299
vt 0.6721 0.8831
vt 0.5940 0.8831
vt 0.6721 0.9299
vt 0.7503 0.8831
vt 0.6721 0.8831
vt 0.5471 0.8831
vt 0.5940 0.8596
vt 0.5471 0.8596
vt 0.6721 0.8831
vt 0.7190 0.8596
vt 0.6721 0.8596
vt 0.4377 0.9143
vt 0.4534 0.8674
vt 0.4377 0.8674
vt 0.5002 0.8674
vt 0.5159 0.9143
vt 0.5159 0.8674
vt 0.4377 0.9612
vt 0.4534 0.9143
vt 0.4377 0.9143
vt 0.4534 0.9612
vt 0.4690 0.9143
vt 0.4534 0.9143
vt 0.3908 0.9143
vt 0.4377 0.8674
vt 0.3908 0.8674
vt 0.4534 0.9143
vt 0.5002 0.8674
vt 0.4534 0.8674
vt 0.2345 0.6561
vt 0.2579 0.6796
vt 0.2579 0.6561
vt 0.2814 0.6796
vt 0.3048 0.6561
vt 0.2814 0.6561
vt 0.2345 0.7030
vt 0.2579 0.6796
vt 0.2345 0.6796
vt 0.2579 0.7030
vt 0.2814 0.6796
vt 0.2579 0.6796
vt 0.2110 0.6796
vt 0.2345 0.6561
vt 0.2110 0.6561
vt 0.2579 0.6561
vt 0.2814 0.6796
vt 0.2814 0.6561
vt 0.4377 0.9143
vt 0.4534 0.8674
vt 0.4377 0.8674
vt 0.5002 0.9143
vt 0.5159 0.8674
vt 0.5002 0.8674
vt 0.4377 0.9612
vt 0.4534 0.9143
vt 0.4377 0.9143
vt 0.4534 0.9612
vt 0.4690 0.9143
vt 0.4534 0.9143
vt 0.3908 0.9143
vt 0.4377 0.8674
vt 0.3908 0.8674
vt 0.4534 0.9143
vt 0.5002 0.8674
vt 0.4534 0.8674
vt 0.9063 0.7809
vt 0.8751 0.7965
vt 0.9063 0.7965
vt 0.9375 0.7809
vt 0.9687 0.7965
vt 0.9687 0.7809
vt 0.8751 0.8277
vt 0.9063 0.7965
vt 0.8751 0.7965
vt 0.9063 0.8277
vt 0.9375 0.7965
vt 0.9063 0.7965
vt 0.8439 0.7965
vt 0.8751 0.7809
vt 0.8439 0.7809
vt 0.9063 0.7965
vt 0.9375 0.7809
vt 0.9063 0.7809
vt 0.8673 0.8511
vt 0.9141 0.8745
vt 0.9141 0.8511
vt 0.9843 0.8511
vt 0.9375 0.8745
vt 0.9843 0.8745
vt 0.8673 0.8979
vt 0.9141 0.8745
vt 0.8673 0.8745
vt 0.9141 0.8979
vt 0.9609 0.8745
vt 0.9141 0.8745
vt 0.8439 0.8745
vt 0.8673 0.8511
vt 0.8439 0.8511
vt 0.9141 0.8745
vt 0.9375 0.8511
vt 0.9141 0.8511
vt 0.9063 0.7809
vt 0.8751 0.7965
vt 0.9063 0.7965
vt 0.9375 0.7809
vt 0.9687 0.7965
vt 0.9687 0.7809
vt 0.8751 0.8277
vt 0.9063 0.7965
vt 0.8751 0.7965
vt 0.9063 0.8277
vt 0.9375 0.7965
vt 0.9063 0.7965
vt 0.8439 0.7965
vt 0.8751 0.7809
vt 0.8439 0.7809
vt 0.9063 0.7965
vt 0.9375 0.7809
vt 0.9063 0.7809
vt 0.8673 0.8511
vt 0.9141 0.8745
vt 0.9141 0.8511
vt 0.9843 0.8511
vt 0.9375 0.8745
vt 0.9843 0.8745
vt 0.8673 0.8979
vt 0.9141 0.8745
vt 0.8673 0.8745
vt 0.9141 0.8979
vt 0.9609 0.8745
vt 0.9141 0.8745
vt 0.8439 0.8745
vt 0.8673 0.8511
vt 0.8439 0.8511
vt 0.9141 0.8745
vt 0.9375 0.8511
vt 0.9141 0.8511
vt 0.6099 0.4613
vt 0.5790 0.4922
vt 0.6099 0.4922
vt 0.7955 0.4613
vt 0.8264 0.4922
vt 0.8264 0.4613
vt 0.5790 0.6778
vt 0.6099 0.4922
vt 0.5790 0.4922
vt 0.6099 0.6778
vt 0.6408 0.4922
vt 0.6099 0.4922
vt 0.3934 0.4922
vt 0.5790 0.4613
vt 0.3934 0.4613
vt 0.6099 0.4922
vt 0.7955 0.4613
vt 0.6099 0.4613
vt 0.8751 0.9213
vt 0.9219 0.9681
vt 0.9219 0.9213
vt 0.9999 0.9213
vt 0.9531 0.9681
vt 0.9999 0.9681
vt 0.8751 0.9993
vt 0.9219 0.9681
vt 0.8751 0.9681
vt 0.9219 0.9993
vt 0.9687 0.9681
vt 0.9219 0.9681
vt 0.8439 0.9681
vt 0.8751 0.9213
vt 0.8439 0.9213
vt 0.9219 0.9681
vt 0.9531 0.9213
vt 0.9219 0.9213
vt 0.8751 0.9213
vt 0.9219 0.9681
vt 0.9219 0.9213
vt 0.9999 0.9213
vt 0.9531 0.9681
vt 0.9999 0.9681
vt 0.8751 0.9993
vt 0.9219 0.9681
vt 0.8751 0.9681
vt 0.9219 0.9993
vt 0.9687 0.9681
vt 0.9219 0.9681
vt 0.8439 0.9681
vt 0.8751 0.9213
vt 0.8439 0.9213
vt 0.9219 0.9681
vt 0.9531 0.9213
vt 0.9219 0.9213
vt 0.4066 0.3597
vt 0.4377 0.3752
vt 0.4066 0.3752
vt 0.4532 0.3752
vt 0.4843 0.3597
vt 0.4843 0.3752
vt 0.4066 0.3908
vt 0.4377 0.3752
vt 0.4377 0.3908
vt 0.4377 0.3908
vt 0.4688 0.3752
vt 0.4688 0.3908
vt 0.3911 0.3597
vt 0.4066 0.3752
vt 0.3911 0.3752
vt 0.4377 0.3752
vt 0.4532 0.3597
vt 0.4532 0.3752
vt 0.4152 0.4374
vt 0.5550 0.4140
vt 0.5550 0.4374
vt 0.5783 0.4140
vt 0.7181 0.4374
vt 0.5783 0.4374
vt 0.4152 0.4607
vt 0.5550 0.4374
vt 0.5550 0.4607
vt 0.6948 0.4374
vt 0.5550 0.4607
vt 0.5550 0.4374
vt 0.3919 0.4374
vt 0.4152 0.4140
vt 0.4152 0.4374
vt 0.5550 0.4140
vt 0.5783 0.4374
vt 0.5550 0.4374
vt 0.4066 0.3597
vt 0.4377 0.3752
vt 0.4377 0.3597
vt 0.4843 0.3597
vt 0.4532 0.3752
vt 0.4843 0.3752
vt 0.4377 0.3752
vt 0.4066 0.3908
vt 0.4377 0.3908
vt 0.4688 0.3752
vt 0.4377 0.3908
vt 0.4688 0.3908
vt 0.3911 0.3597
vt 0.4066 0.3752
vt 0.4066 0.3597
vt 0.4532 0.3597
vt 0.4377 0.3752
vt 0.4532 0.3752
vt 0.5550 0.4140
vt 0.4152 0.4374
vt 0.5550 0.4374
vt 0.5783 0.4140
vt 0.7181 0.4374
vt 0.7181 0.4140
vt 0.5550 0.4374
vt 0.4152 0.4607
vt 0.5550 0.4607
vt 0.5550 0.4607
vt 0.6948 0.4374
vt 0.5550 0.4374
vt 0.4152 0.4140
vt 0.3919 0.4374
vt 0.4152 0.4374
vt 0.5550 0.4140
vt 0.5783 0.4374
vt 0.5783 0.4140
vt 0.4377 0.7190
vt 0.4143 0.7346
vt 0.4377 0.7346
vt 0.4846 0.7190
vt 0.4612 0.7346
vt 0.4846 0.7346
vt 0.4377 0.7346
vt 0.4143 0.7580
vt 0.4377 0.7580
vt 0.4377 0.7346
vt 0.4612 0.7580
vt 0.4612 0.7346
vt 0.4143 0.7190
vt 0.3908 0.7346
vt 0.4143 0.7346
vt 0.4612 0.7190
vt 0.4377 0.7346
vt 0.4612 0.7346
vt 0.4065 0.7815
vt 0.4221 0.8284
vt 0.4221 0.7815
vt 0.4534 0.7815
vt 0.4377 0.8284
vt 0.4534 0.8284
vt 0.4065 0.8284
vt 0.4221 0.8440
vt 0.4221 0.8284
vt 0.4377 0.8284
vt 0.4221 0.8440
vt 0.4377 0.8440
vt 0.3908 0.7815
vt 0.4065 0.8284
vt 0.4065 0.7815
vt 0.4377 0.7815
vt 0.4221 0.8284
vt 0.4377 0.8284
vt 0.4143 0.7190
vt 0.4377 0.7346
vt 0.4143 0.7346
vt 0.4612 0.7346
vt 0.4846 0.7190
vt 0.4846 0.7346
vt 0.4143 0.7580
vt 0.4377 0.7346
vt 0.4377 0.7580
vt 0.4377 0.7346
vt 0.4612 0.7580
vt 0.4377 0.7580
vt 0.3908 0.7346
vt 0.4143 0.7190
vt 0.4143 0.7346
vt 0.4377 0.7346
vt 0.4612 0.7190
vt 0.4612 0.7346
vt 0.4065 0.7815
vt 0.4221 0.8284
vt 0.4065 0.8284
vt 0.4377 0.8284
vt 0.4534 0.7815
vt 0.4534 0.8284
vt 0.4065 0.8284
vt 0.4221 0.8440
vt 0.4065 0.8440
vt 0.4221 0.8440
vt 0.4377 0.8284
vt 0.4377 0.8440
vt 0.3908 0.7815
vt 0.4065 0.8284
vt 0.3908 0.8284
vt 0.4221 0.8284
vt 0.4377 0.7815
vt 0.4377 0.8284
vt 0.4143 0.7346
vt 0.4377 0.7190
vt 0.4377 0.7346
vt 0.4612 0.7346
vt 0.4846 0.7190
vt 0.4846 0.7346
vt 0.4143 0.7346
vt 0.4377 0.7580
vt 0.4143 0.7580
vt 0.4377 0.7346
vt 0.4612 0.7580
vt 0.4377 0.7580
vt 0.3908 0.7346
vt 0.4143 0.7190
vt 0.4143 0.7346
vt 0.4377 0.7346
vt 0.4612 0.7190
vt 0.4612 0.7346
vt 0.4065 0.7815
vt 0.4221 0.8284
vt 0.4065 0.8284
vt 0.4377 0.8284
vt 0.4534 0.7815
vt 0.4534 0.8284
vt 0.4065 0.8284
vt 0.4221 0.8440
vt 0.4065 0.8440
vt 0.4221 0.8440
vt 0.4377 0.8284
vt 0.4377 0.8440
vt 0.3908 0.7815
vt 0.4065 0.8284
vt 0.3908 0.8284
vt 0.4221 0.8284
vt 0.4377 0.7815
vt 0.4377 0.8284
vt 0.4143 0.7190
vt 0.4377 0.7346
vt 0.4377 0.7190
vt 0.4846 0.7190
vt 0.4612 0.7346
vt 0.4846 0.7346
vt 0.4377 0.7346
vt 0.4143 0.7580
vt 0.4377 0.7580
vt 0.4377 0.7346
vt 0.4612 0.7580
vt 0.4612 0.7346
vt 0.4143 0.7190
vt 0.3908 0.7346
vt 0.4143 0.7346
vt 0.4612 0.7190
vt 0.4377 0.7346
vt 0.4612 0.7346
vt 0.4065 0.7815
vt 0.4221 0.8284
vt 0.4221 0.7815
vt 0.4534 0.7815
vt 0.4377 0.8284
vt 0.4534 0.8284
vt 0.4065 0.8284
vt 0.4221 0.8440
vt 0.4221 0.8284
vt 0.4377 0.8284
vt 0.4221 0.8440
vt 0.4377 0.8440
vt 0.3908 0.7815
vt 0.4065 0.8284
vt 0.4065 0.7815
vt 0.4377 0.7815
vt 0.4221 0.8284
vt 0.4377 0.8284
vt 0.4143 0.7190
vt 0.4377 0.7346
vt 0.4377 0.7190
vt 0.4612 0.7190
vt 0.4846 0.7346
vt 0.4846 0.7190
vt 0.4377 0.7346
vt 0.4143 0.7580
vt 0.4377 0.7580
vt 0.4612 0.7346
vt 0.4377 0.7580
vt 0.4612 0.7580
vt 0.3908 0.7190
vt 0.4143 0.7346
vt 0.4143 0.7190
vt 0.4612 0.7190
vt 0.4377 0.7346
vt 0.4612 0.7346
vt 0.4065 0.8284
vt 0.4221 0.7815
vt 0.4065 0.7815
vt 0.4534 0.7815
vt 0.4377 0.8284
vt 0.4534 0.8284
vt 0.4065 0.8284
vt 0.4221 0.8440
vt 0.4221 0.8284
vt 0.4221 0.8284
vt 0.4377 0.8440
vt 0.4377 0.8284
vt 0.3908 0.7815
vt 0.4065 0.8284
vt 0.4065 0.7815
vt 0.4377 0.7815
vt 0.4221 0.8284
vt 0.4377 0.8284
vt 0.4143 0.7190
vt 0.4377 0.7346
vt 0.4143 0.7346
vt 0.4612 0.7190
vt 0.4846 0.7346
vt 0.4612 0.7346
vt 0.4143 0.7580
vt 0.4377 0.7346
vt 0.4377 0.7580
vt 0.4377 0.7580
vt 0.4612 0.7346
vt 0.4612 0.7580
vt 0.3908 0.7190
vt 0.4143 0.7346
vt 0.3908 0.7346
vt 0.4377 0.7346
vt 0.4612 0.7190
vt 0.4612 0.7346
vt 0.4221 0.7815
vt 0.4065 0.8284
vt 0.4065 0.7815
vt 0.4377 0.8284
vt 0.4534 0.7815
vt 0.4534 0.8284
vt 0.4065 0.8284
vt 0.4221 0.8440
vt 0.4065 0.8440
vt 0.4221 0.8284
vt 0.4377 0.8440
vt 0.4221 0.8440
vt 0.3908 0.7815
vt 0.4065 0.8284
vt 0.3908 0.8284
vt 0.4221 0.8284
vt 0.4377 0.7815
vt 0.4377 0.8284
vt 0.4377 0.7190
vt 0.4143 0.7346
vt 0.4377 0.7346
vt 0.4612 0.7346
vt 0.4846 0.7190
vt 0.4612 0.7190
vt 0.4377 0.7346
vt 0.4143 0.7580
vt 0.4377 0.7580
vt 0.4377 0.7346
vt 0.4612 0.7580
vt 0.4612 0.7346
vt 0.3908 0.7190
vt 0.4143 0.7346
vt 0.4143 0.7190
vt 0.4612 0.7190
vt 0.4377 0.7346
vt 0.4612 0.7346
vt 0.4221 0.7815
vt 0.4065 0.8284
vt 0.4221 0.8284
vt 0.4534 0.7815
vt 0.4377 0.8284
vt 0.4534 0.8284
vt 0.4065 0.8284
vt 0.4221 0.8440
vt 0.4221 0.8284
vt 0.4221 0.8284
vt 0.4377 0.8440
vt 0.4377 0.8284
vt 0.3908 0.7815
vt 0.4065 0.8284
vt 0.4065 0.7815
vt 0.4221 0.7815
vt 0.4377 0.8284
vt 0.4377 0.7815
vt 0.4143 0.7346
vt 0.4377 0.7190
vt 0.4377 0.7346
vt 0.4612 0.7190
vt 0.4846 0.7346
vt 0.4612 0.7346
vt 0.4143 0.7580
vt 0.4377 0.7346
vt 0.4377 0.7580
vt 0.4377 0.7346
vt 0.4612 0.7580
vt 0.4377 0.7580
vt 0.3908 0.7190
vt 0.4143 0.7346
vt 0.3908 0.7346
vt 0.4377 0.7346
vt 0.4612 0.7190
vt 0.4612 0.7346
vt 0.4065 0.8284
vt 0.4221 0.7815
vt 0.4221 0.8284
vt 0.4377 0.8284
vt 0.4534 0.7815
vt 0.4534 0.8284
vt 0.4065 0.8284
vt 0.4221 0.8440
vt 0.4065 0.8440
vt 0.4221 0.8284
vt 0.4377 0.8440
vt 0.4221 0.8440
vt 0.3908 0.7815
vt 0.4065 0.8284
vt 0.3908 0.8284
vt 0.4221 0.7815
vt 0.4377 0.8284
vt 0.4221 0.8284
vt 0.0704 0.8593
vt 0.1407 0.8593
vt 0.0704 0.9062
vt 0.0938 0.9062
vt 0.0469 0.8593
vt 0.1173 0.8593
vt 0.1016 0.6561
vt 0.2032 0.6561
vt 0.1016 0.7343
vt 0.1251 0.7343
vt 0.0782 0.6561
vt 0.1798 0.6561
vt 0.5784 0.7580
vt 0.6878 0.7737
vt 0.6565 0.8049
vt 0.6565 0.8049
vt 0.5471 0.7737
vt 0.6565 0.7580
vt 0.0704 0.7655
vt 0.1407 0.7655
vt 0.0704 0.9062
vt 0.0938 0.9062
vt 0.0469 0.8593
vt 0.1173 0.8593
vt 0.4377 0.8674
vt 0.5002 0.9143
vt 0.4377 0.9143
vt 0.4534 0.9612
vt 0.4377 0.9143
vt 0.4534 0.9143
vt 0.3126 0.5936
vt 0.3908 0.5936
vt 0.3126 0.6405
vt 0.3439 0.6405
vt 0.2814 0.5936
vt 0.3439 0.5936
vt 0.2267 0.8124
vt 0.2735 0.7890
vt 0.2267 0.8593
vt 0.2501 0.8593
vt 0.2032 0.8124
vt 0.2735 0.8124
vt 0.2579 0.6796
vt 0.2814 0.6796
vt 0.2345 0.7030
vt 0.2579 0.7030
vt 0.2110 0.6561
vt 0.2579 0.6796
vt 0.5784 0.9378
vt 0.6878 0.9690
vt 0.5784 0.9690
vt 0.6565 1.0003
vt 0.5471 0.9690
vt 0.6565 0.9690
vt 0.1876 0.9609
vt 0.2892 0.9687
vt 0.2579 0.9999
vt 0.3282 0.9999
vt 0.1876 0.9687
vt 0.2892 0.9687
vt 0.5627 0.7659
vt 0.7346 0.7971
vt 0.5627 0.7971
vt 0.7190 0.8127
vt 0.5471 0.7971
vt 0.6409 0.7659
vt 0.0704 0.8593
vt 0.1173 0.7655
vt 0.0704 0.9062
vt 0.0938 0.9062
vt 0.0469 0.8593
vt 0.1173 0.8593
vt 0.5940 0.8596
vt 0.7190 0.8831
vt 0.6721 0.9299
vt 0.7503 0.9299
vt 0.5940 0.8831
vt 0.7190 0.8831
vt 0.4534 0.9143
vt 0.5002 0.9143
vt 0.4534 0.9612
vt 0.4690 0.9612
vt 0.4377 0.9143
vt 0.5002 0.9143
vt 0.2345 0.6796
vt 0.3048 0.6796
vt 0.2579 0.7030
vt 0.2814 0.7030
vt 0.2345 0.6796
vt 0.2579 0.6796
vt 0.4534 0.9143
vt 0.5159 0.9143
vt 0.4534 0.9612
vt 0.4690 0.9612
vt 0.4377 0.9143
vt 0.5002 0.9143
vt 0.8751 0.7809
vt 0.9375 0.7965
vt 0.9063 0.8277
vt 0.9375 0.8277
vt 0.8751 0.7965
vt 0.9375 0.7965
vt 0.8673 0.8745
vt 0.9375 0.8511
vt 0.9141 0.8979
vt 0.9609 0.8979
vt 0.8673 0.8745
vt 0.9375 0.8745
vt 0.8751 0.7809
vt 0.9375 0.7965
vt 0.9063 0.8277
vt 0.9375 0.8277
vt 0.8751 0.7965
vt 0.9375 0.7965
vt 0.8673 0.8745
vt 0.9375 0.8511
vt 0.9141 0.8979
vt 0.9609 0.8979
vt 0.8673 0.8745
vt 0.9375 0.8745
vt 0.5790 0.4613
vt 0.7955 0.4922
vt 0.6099 0.6778
vt 0.6408 0.6778
vt 0.5790 0.4922
vt 0.7955 0.4922
vt 0.8751 0.9681
vt 0.9531 0.9213
vt 0.9219 0.9993
vt 0.9687 0.9993
vt 0.8751 0.9681
vt 0.9531 0.9681
vt 0.8751 0.9681
vt 0.9531 0.9213
vt 0.9219 0.9993
vt 0.9687 0.9993
vt 0.8751 0.9681
vt 0.9531 0.9681
vt 0.4377 0.3597
vt 0.4532 0.3597
vt 0.4066 0.3752
vt 0.4377 0.3752
vt 0.4066 0.3597
vt 0.4377 0.3597
vt 0.4152 0.4140
vt 0.7181 0.4140
vt 0.4152 0.4374
vt 0.6948 0.4607
vt 0.3919 0.4140
vt 0.5783 0.4140
vt 0.4066 0.3752
vt 0.4532 0.3597
vt 0.4066 0.3752
vt 0.4377 0.3752
vt 0.3911 0.3752
vt 0.4377 0.3597
vt 0.4152 0.4140
vt 0.5783 0.4374
vt 0.4152 0.4374
vt 0.6948 0.4607
vt 0.3919 0.4140
vt 0.5550 0.4374
vt 0.4143 0.7190
vt 0.4612 0.7190
vt 0.4143 0.7346
vt 0.4377 0.7580
vt 0.3908 0.7190
vt 0.4377 0.7190
vt 0.4065 0.8284
vt 0.4377 0.7815
vt 0.4065 0.8440
vt 0.4221 0.8284
vt 0.3908 0.8284
vt 0.4221 0.7815
vt 0.4377 0.7190
vt 0.4612 0.7190
vt 0.4143 0.7346
vt 0.4612 0.7346
vt 0.3908 0.7190
vt 0.4377 0.7190
vt 0.4221 0.7815
vt 0.4377 0.7815
vt 0.4221 0.8284
vt 0.4221 0.8284
vt 0.4065 0.7815
vt 0.4221 0.7815
vt 0.4143 0.7190
vt 0.4612 0.7190
vt 0.4377 0.7346
vt 0.4612 0.7346
vt 0.3908 0.7190
vt 0.4377 0.7190
vt 0.4221 0.7815
vt 0.4377 0.7815
vt 0.4221 0.8284
vt 0.4221 0.8284
vt 0.4065 0.7815
vt 0.4221 0.7815
vt 0.4143 0.7346
vt 0.4612 0.7190
vt 0.4143 0.7346
vt 0.4377 0.7580
vt 0.3908 0.7190
vt 0.4377 0.7190
vt 0.4065 0.8284
vt 0.4377 0.7815
vt 0.4065 0.8440
vt 0.4221 0.8284
vt 0.3908 0.8284
vt 0.4221 0.7815
vt 0.4143 0.7346
vt 0.4612 0.7346
vt 0.4143 0.7346
vt 0.4377 0.7346
vt 0.3908 0.7346
vt 0.4377 0.7190
vt 0.4221 0.8284
vt 0.4377 0.7815
vt 0.4065 0.8440
vt 0.4221 0.8440
vt 0.3908 0.8284
vt 0.4221 0.7815
vt 0.4377 0.7190
vt 0.4846 0.7190
vt 0.4143 0.7346
vt 0.4377 0.7346
vt 0.4143 0.7190
vt 0.4377 0.7190
vt 0.4221 0.8284
vt 0.4377 0.7815
vt 0.4221 0.8284
vt 0.4377 0.8284
vt 0.4065 0.7815
vt 0.4221 0.7815
vt 0.4143 0.7190
vt 0.4846 0.7346
vt 0.4143 0.7346
vt 0.4377 0.7580
vt 0.3908 0.7346
vt 0.4377 0.7190
vt 0.4065 0.7815
vt 0.4377 0.7815
vt 0.4065 0.8440
vt 0.4221 0.8440
vt 0.3908 0.8284
vt 0.4221 0.8284
vt 0.4143 0.7190
vt 0.4846 0.7190
vt 0.4143 0.7346
vt 0.4612 0.7346
vt 0.4143 0.7190
vt 0.4377 0.7190
vt 0.4065 0.7815
vt 0.4377 0.7815
vt 0.4221 0.8284
vt 0.4377 0.8284
vt 0.4065 0.7815
vt 0.4377 0.7815
s off
f 526/903 528/904 525/905
f 530/906 532/907 529/908
f 525/909 529/910 532/911
f 531/912 527/913 526/914
f 527/915 529/916 528/917
f 531/918 525/919 532/920
f 534/921 536/922 533/923
f 538/924 540/925 537/926
f 533/927 537/928 540/929
f 539/930 535/931 534/932
f 535/933 537/934 536/935
f 539/936 533/937 540/938
f 541/939 543/940 544/941
f 545/942 547/943 548/944
f 542/945 545/946 548/947
f 543/948 546/949 544/950
f 541/951 546/952 545/953
f 542/954 547/955 543/956
f 549/957 551/958 552/959
f 554/960 556/961 553/962
f 554/963 549/964 555/965
f 551/966 556/967 552/968
f 554/969 551/970 550/971
f 549/972 556/973 555/974
f 557/975 559/976 560/977
f 561/978 563/979 564/980
f 561/981 558/982 557/983
f 559/984 562/985 560/986
f 560/987 561/988 557/989
f 564/990 559/991 558/992
f 566/993 568/994 565/995
f 570/996 572/997 569/998
f 565/999 569/1000 572/1001
f 571/1002 567/1003 566/1004
f 567/1005 569/1006 568/1007
f 571/1008 565/1009 572/1010
f 574/1011 576/1012 573/1013
f 577/1014 579/1015 580/1016
f 573/1017 578/1018 577/1019
f 580/1020 575/1021 574/1022
f 575/1023 578/1024 576/1025
f 580/1026 573/1027 577/1028
f 582/1029 584/1030 581/1031
f 586/1032 588/1033 585/1034
f 585/1035 584/1036 586/1037
f 582/1038 587/1039 583/1040
f 586/1041 583/1042 587/1043
f 585/1044 582/1045 581/1046
f 589/1047 591/1048 592/1049
f 593/1050 595/1051 596/1052
f 593/1053 590/1054 589/1055
f 591/1056 594/1057 592/1058
f 589/1059 594/1060 593/1061
f 596/1062 591/1063 590/1064
f 597/1065 599/1066 600/1067
f 601/1068 603/1069 604/1070
f 598/1071 601/1072 604/1073
f 603/1074 600/1075 599/1076
f 600/1077 601/1078 597/1079
f 603/1080 598/1081 604/1082
f 605/1083 607/1084 608/1085
f 610/1086 612/1087 609/1088
f 609/1089 606/1090 605/1091
f 611/1092 608/1093 607/1094
f 605/1095 610/1096 609/1097
f 606/1098 611/1099 607/1100
f 614/1101 616/1102 613/1103
f 617/1104 619/1105 620/1106
f 613/1107 618/1108 617/1109
f 620/1110 615/1111 614/1112
f 615/1113 618/1114 616/1115
f 620/1116 613/1117 617/1118
f 621/1119 623/1120 624/1121
f 625/1122 627/1123 628/1124
f 622/1125 625/1126 628/1127
f 627/1128 624/1129 623/1130
f 624/1131 625/1132 621/1133
f 627/1134 622/1135 628/1136
f 630/1137 632/1138 629/1139
f 634/1140 636/1141 633/1142
f 629/1143 634/1144 633/1145
f 636/1146 631/1147 630/1148
f 631/1149 634/1150 632/1151
f 636/1152 629/1153 633/1154
f 638/1155 640/1156 637/1157
f 642/1158 644/1159 641/1160
f 638/1161 641/1162 644/1163
f 643/1164 640/1165 639/1166
f 640/1167 641/1168 637/1169
f 644/1170 639/1171 638/1172
f 646/1173 648/1174 645/1175
f 650/1176 652/1177 649/1178
f 645/1179 649/1180 652/1181
f 651/1182 647/1183 646/1184
f 647/1185 649/1186 648/1187
f 651/1188 645/1189 652/1190
f 653/1191 655/1192 656/1193
f 657/1194 659/1195 660/1196
f 654/1197 657/1198 660/1199
f 659/1200 656/1201 655/1202
f 656/1203 657/1204 653/1205
f 659/1206 654/1207 660/1208
f 661/1209 663/1210 664/1211
f 665/1212 667/1213 668/1214
f 661/1215 666/1216 665/1217
f 668/1218 663/1219 662/1220
f 663/1221 666/1222 664/1223
f 668/1224 661/1225 665/1226
f 669/1227 671/1228 672/1229
f 673/1230 675/1231 676/1232
f 670/1233 673/1234 676/1235
f 675/1236 672/1237 671/1238
f 672/1239 673/1240 669/1241
f 675/1242 670/1243 676/1244
f 677/1245 679/1246 680/1247
f 681/1248 683/1249 684/1250
f 677/1251 682/1252 681/1253
f 684/1254 679/1255 678/1256
f 679/1257 682/1258 680/1259
f 684/1260 677/1261 681/1262
f 685/1263 687/1264 688/1265
f 689/1266 691/1267 692/1268
f 686/1269 689/1270 692/1271
f 691/1272 688/1273 687/1274
f 688/1275 689/1276 685/1277
f 691/1278 686/1279 692/1280
f 693/1281 695/1282 696/1283
f 697/1284 699/1285 700/1286
f 693/1287 698/1288 697/1289
f 700/1290 695/1291 694/1292
f 695/1293 698/1294 696/1295
f 700/1296 693/1297 697/1298
f 701/1299 703/1300 704/1301
f 705/1302 707/1303 708/1304
f 701/1305 706/1306 705/1307
f 708/1308 703/1309 702/1310
f 703/1311 706/1312 704/1313
f 708/1314 701/1315 705/1316
f 709/1317 711/1318 712/1319
f 713/1320 715/1321 716/1322
f 709/1323 714/1324 710/1325
f 716/1326 711/1327 713/1328
f 710/1329 713/1330 711/1331
f 716/1332 709/1333 712/1334
f 717/1335 719/1336 720/1337
f 721/1338 723/1339 724/1340
f 718/1341 721/1342 719/1343
f 720/1344 723/1345 717/1346
f 720/1347 721/1348 724/1349
f 722/1350 717/1351 723/1352
f 725/1353 727/1354 728/1355
f 729/1356 731/1357 732/1358
f 730/1359 725/1360 728/1361
f 727/1362 732/1363 731/1364
f 728/1365 731/1366 730/1367
f 725/1368 732/1369 726/1370
f 733/1371 735/1372 736/1373
f 737/1374 739/1375 740/1376
f 737/1377 734/1378 733/1379
f 739/1380 736/1381 735/1382
f 737/1383 736/1384 738/1385
f 740/1386 735/1387 734/1388
f 741/1389 743/1390 744/1391
f 745/1392 747/1393 748/1394
f 746/1395 742/1396 741/1397
f 743/1398 747/1399 744/1400
f 746/1401 744/1402 747/1403
f 742/1404 748/1405 743/1406
f 749/1407 751/1408 752/1409
f 753/1410 755/1411 756/1412
f 753/1413 752/1414 754/1415
f 751/1416 756/1417 755/1418
f 752/1419 755/1420 754/1421
f 749/1422 756/1423 750/1424
f 757/1425 759/1426 760/1427
f 761/1428 763/1429 764/1430
f 757/1431 762/1432 758/1433
f 760/1434 761/1435 764/1436
f 759/1437 762/1438 761/1439
f 764/1440 757/1441 760/1442
f 765/1443 767/1444 768/1445
f 769/1446 771/1447 772/1448
f 771/1449 766/1450 765/1451
f 772/1452 767/1453 769/1454
f 766/1455 769/1456 767/1457
f 772/1458 765/1459 768/1460
f 773/1461 775/1462 776/1463
f 777/1464 779/1465 780/1466
f 779/1467 775/1468 774/1469
f 773/1470 777/1471 780/1472
f 776/1473 778/1474 777/1475
f 780/1476 774/1477 773/1478
f 781/1479 783/1480 784/1481
f 785/1482 787/1483 788/1484
f 787/1485 782/1486 781/1487
f 788/1488 783/1489 785/1490
f 782/1491 785/1492 783/1493
f 788/1494 781/1495 784/1496
f 789/1497 791/1498 792/1499
f 793/1500 795/1501 796/1502
f 794/1503 789/1504 792/1505
f 790/1506 795/1507 791/1508
f 794/1509 791/1510 795/1511
f 789/1512 796/1513 790/1514
f 797/1515 799/1516 800/1517
f 801/1518 803/1519 804/1520
f 801/1521 800/1522 802/1523
f 799/1524 804/1525 803/1526
f 800/1527 803/1528 802/1529
f 797/1530 804/1531 798/1532
f 805/1533 807/1534 808/1535
f 809/1536 811/1537 812/1538
f 809/1539 805/1540 808/1541
f 807/1542 811/1543 810/1544
f 808/1545 810/1546 809/1547
f 805/1548 811/1549 806/1550
f 814/1551 816/1552 813/1553
f 817/1554 819/1555 820/1556
f 817/1557 816/1558 818/1559
f 814/1560 819/1561 815/1562
f 816/1563 819/1564 818/1565
f 813/1566 820/1567 814/1568
f 821/1569 823/1570 824/1571
f 825/1572 827/1573 828/1574
f 821/1575 825/1576 822/1577
f 827/1578 823/1579 828/1580
f 822/1581 828/1582 823/1583
f 827/1584 821/1585 824/1586
f 830/1587 832/1588 829/1589
f 833/1590 835/1591 836/1592
f 835/1593 830/1594 829/1595
f 832/1596 833/1597 836/1598
f 830/1599 833/1600 831/1601
f 836/1602 829/1603 832/1604
f 837/1605 839/1606 840/1607
f 842/1608 844/1609 841/1610
f 841/1611 838/1612 837/1613
f 839/1614 842/1615 840/1616
f 837/1617 842/1618 841/1619
f 838/1620 843/1621 839/1622
f 845/1623 847/1624 848/1625
f 849/1626 851/1627 852/1628
f 849/1629 845/1630 850/1631
f 847/1632 851/1633 848/1634
f 845/1635 851/1636 850/1637
f 849/1638 847/1639 846/1640
f 853/1641 855/1642 856/1643
f 857/1644 859/1645 860/1646
f 854/1647 857/1648 855/1649
f 853/1650 860/1651 859/1652
f 855/1653 860/1654 856/1655
f 859/1656 854/1657 853/1658
f 861/1659 863/1660 864/1661
f 865/1662 867/1663 868/1664
f 867/1665 863/1666 862/1667
f 861/1668 865/1669 868/1670
f 863/1671 865/1672 864/1673
f 867/1674 861/1675 868/1676
f 526/903 527/1677 528/904
f 530/906 531/1678 532/907
f 525/909 528/1679 529/910
f 531/912 530/1680 527/913
f 527/915 530/1681 529/916
f 531/918 526/1682 525/919
f 534/921 535/1683 536/922
f 538/924 539/1684 540/925
f 533/927 536/1685 537/928
f 539/930 538/1686 535/931
f 535/933 538/1687 537/934
f 539/936 534/1688 533/937
f 541/939 542/1689 543/940
f 545/942 546/1690 547/943
f 542/945 541/1691 545/946
f 543/948 547/1692 546/949
f 541/951 544/1693 546/952
f 542/954 548/1694 547/955
f 549/957 550/1695 551/958
f 554/960 555/1696 556/961
f 554/963 550/1697 549/964
f 551/966 553/1698 556/967
f 554/969 553/1699 551/970
f 549/972 552/1700 556/973
f 557/975 558/1701 559/976
f 561/978 562/1702 563/979
f 561/981 564/1703 558/982
f 559/984 563/1704 562/985
f 560/987 562/1705 561/988
f 564/990 563/1706 559/991
f 566/993 567/1707 568/994
f 570/996 571/1708 572/997
f 565/999 568/1709 569/1000
f 571/1002 570/1710 567/1003
f 567/1005 570/1711 569/1006
f 571/1008 566/1712 565/1009
f 574/1011 575/1713 576/1012
f 577/1014 578/1714 579/1015
f 573/1017 576/1715 578/1018
f 580/1020 579/1716 575/1021
f 575/1023 579/1717 578/1024
f 580/1026 574/1718 573/1027
f 582/1029 583/1719 584/1030
f 586/1032 587/1720 588/1033
f 585/1035 581/1721 584/1036
f 582/1038 588/1722 587/1039
f 586/1041 584/1723 583/1042
f 585/1044 588/1724 582/1045
f 589/1047 590/1725 591/1048
f 593/1050 594/1726 595/1051
f 593/1053 596/1727 590/1054
f 591/1056 595/1728 594/1057
f 589/1059 592/1729 594/1060
f 596/1062 595/1730 591/1063
f 597/1065 598/1731 599/1066
f 601/1068 602/1732 603/1069
f 598/1071 597/1733 601/1072
f 603/1074 602/1734 600/1075
f 600/1077 602/1735 601/1078
f 603/1080 599/1736 598/1081
f 605/1083 606/1737 607/1084
f 610/1086 611/1738 612/1087
f 609/1089 612/1739 606/1090
f 611/1092 610/1740 608/1093
f 605/1095 608/1741 610/1096
f 606/1098 612/1742 611/1099
f 614/1101 615/1743 616/1102
f 617/1104 618/1744 619/1105
f 613/1107 616/1745 618/1108
f 620/1110 619/1746 615/1111
f 615/1113 619/1747 618/1114
f 620/1116 614/1748 613/1117
f 621/1119 622/1749 623/1120
f 625/1122 626/1750 627/1123
f 622/1125 621/1751 625/1126
f 627/1128 626/1752 624/1129
f 624/1131 626/1753 625/1132
f 627/1134 623/1754 622/1135
f 630/1137 631/1755 632/1138
f 634/1140 635/1756 636/1141
f 629/1143 632/1757 634/1144
f 636/1146 635/1758 631/1147
f 631/1149 635/1759 634/1150
f 636/1152 630/1760 629/1153
f 638/1155 639/1761 640/1156
f 642/1158 643/1762 644/1159
f 638/1161 637/1763 641/1162
f 643/1164 642/1764 640/1165
f 640/1167 642/1765 641/1168
f 644/1170 643/1766 639/1171
f 646/1173 647/1767 648/1174
f 650/1176 651/1768 652/1177
f 645/1179 648/1769 649/1180
f 651/1182 650/1770 647/1183
f 647/1185 650/1771 649/1186
f 651/1188 646/1772 645/1189
f 653/1191 654/1773 655/1192
f 657/1194 658/1774 659/1195
f 654/1197 653/1775 657/1198
f 659/1200 658/1776 656/1201
f 656/1203 658/1777 657/1204
f 659/1206 655/1778 654/1207
f 661/1209 662/1779 663/1210
f 665/1212 666/1780 667/1213
f 661/1215 664/1781 666/1216
f 668/1218 667/1782 663/1219
f 663/1221 667/1783 666/1222
f 668/1224 662/1784 661/1225
f 669/1227 670/1785 671/1228
f 673/1230 674/1786 675/1231
f 670/1233 669/1787 673/1234
f 675/1236 674/1788 672/1237
f 672/1239 674/1789 673/1240
f 675/1242 671/1790 670/1243
f 677/1245 678/1791 679/1246
f 681/1248 682/1792 683/1249
f 677/1251 680/1793 682/1252
f 684/1254 683/1794 679/1255
f 679/1257 683/1795 682/1258
f 684/1260 678/1796 677/1261
f 685/1263 686/1797 687/1264
f 689/1266 690/1798 691/1267
f 686/1269 685/1799 689/1270
f 691/1272 690/1800 688/1273
f 688/1275 690/1801 689/1276
f 691/1278 687/1802 686/1279
f 693/1281 694/1803 695/1282
f 697/1284 698/1804 699/1285
f 693/1287 696/1805 698/1288
f 700/1290 699/1806 695/1291
f 695/1293 699/1807 698/1294
f 700/1296 694/1808 693/1297
f 701/1299 702/1809 703/1300
f 705/1302 706/1810 707/1303
f 701/1305 704/1811 706/1306
f 708/1308 707/1812 703/1309
f 703/1311 707/1813 706/1312
f 708/1314 702/1814 701/1315
f 709/1317 710/1815 711/1318
f 713/1320 714/1816 715/1321
f 709/1323 715/1817 714/1324
f 716/1326 712/1818 711/1327
f 710/1329 714/1819 713/1330
f 716/1332 715/1820 709/1333
f 717/1335 718/1821 719/1336
f 721/1338 722/1822 723/1339
f 718/1341 722/1823 721/1342
f 720/1344 724/1824 723/1345
f 720/1347 719/1825 721/1348
f 722/1350 718/1826 717/1351
f 725/1353 726/1827 727/1354
f 729/1356 730/1828 731/1357
f 730/1359 729/1829 725/1360
f 727/1362 726/1830 732/1363
f 728/1365 727/1831 731/1366
f 725/1368 729/1832 732/1369
f 733/1371 734/1833 735/1372
f 737/1374 738/1834 739/1375
f 737/1377 740/1835 734/1378
f 739/1380 738/1836 736/1381
f 737/1383 733/1837 736/1384
f 740/1386 739/1838 735/1387
f 741/1389 742/1839 743/1390
f 745/1392 746/1840 747/1393
f 746/1395 745/1841 742/1396
f 743/1398 748/1842 747/1399
f 746/1401 741/1843 744/1402
f 742/1404 745/1844 748/1405
f 749/1407 750/1845 751/1408
f 753/1410 754/1846 755/1411
f 753/1413 749/1847 752/1414
f 751/1416 750/1848 756/1417
f 752/1419 751/1849 755/1420
f 749/1422 753/1850 756/1423
f 757/1425 758/1851 759/1426
f 761/1428 762/1852 763/1429
f 757/1431 763/1853 762/1432
f 760/1434 759/1854 761/1435
f 759/1437 758/1855 762/1438
f 764/1440 763/1856 757/1441
f 765/1443 766/1857 767/1444
f 769/1446 770/1858 771/1447
f 771/1449 770/1859 766/1450
f 772/1452 768/1860 767/1453
f 766/1455 770/1861 769/1456
f 772/1458 771/1862 765/1459
f 773/1461 774/1863 775/1462
f 777/1464 778/1864 779/1465
f 779/1467 778/1865 775/1468
f 773/1470 776/1866 777/1471
f 776/1473 775/1867 778/1474
f 780/1476 779/1868 774/1477
f 781/1479 782/1869 783/1480
f 785/1482 786/1870 787/1483
f 787/1485 786/1871 782/1486
f 788/1488 784/1872 783/1489
f 782/1491 786/1873 785/1492
f 788/1494 787/1874 781/1495
f 789/1497 790/1875 791/1498
f 793/1500 794/1876 795/1501
f 794/1503 793/1877 789/1504
f 790/1506 796/1878 795/1507
f 794/1509 792/1879 791/1510
f 789/1512 793/1880 796/1513
f 797/1515 798/1881 799/1516
f 801/1518 802/1882 803/1519
f 801/1521 797/1883 800/1522
f 799/1524 798/1884 804/1525
f 800/1527 799/1885 803/1528
f 797/1530 801/1886 804/1531
f 805/1533 806/1887 807/1534
f 809/1536 810/1888 811/1537
f 809/1539 812/1889 805/1540
f 807/1542 806/1890 811/1543
f 808/1545 807/1891 810/1546
f 805/1548 812/1892 811/1549
f 814/1551 815/1893 816/1552
f 817/1554 818/1894 819/1555
f 817/1557 813/1895 816/1558
f 814/1560 820/1896 819/1561
f 816/1563 815/1897 819/1564
f 813/1566 817/1898 820/1567
f 821/1569 822/1899 823/1570
f 825/1572 826/1900 827/1573
f 821/1575 826/1901 825/1576
f 827/1578 824/1902 823/1579
f 822/1581 825/1903 828/1582
f 827/1584 826/1904 821/1585
f 830/1587 831/1905 832/1588
f 833/1590 834/1906 835/1591
f 835/1593 834/1907 830/1594
f 832/1596 831/1908 833/1597
f 830/1599 834/1909 833/1600
f 836/1602 835/1910 829/1603
f 837/1605 838/1911 839/1606
f 842/1608 843/1912 844/1609
f 841/1611 844/1913 838/1612
f 839/1614 843/1914 842/1615
f 837/1617 840/1915 842/1618
f 838/1620 844/1916 843/1621
f 845/1623 846/1917 847/1624
f 849/1626 850/1918 851/1627
f 849/1629 846/1919 845/1630
f 847/1632 852/1920 851/1633
f 845/1635 848/1921 851/1636
f 849/1638 852/1922 847/1639
f 853/1641 854/1923 855/1642
f 857/1644 858/1924 859/1645
f 854/1647 858/1925 857/1648
f 853/1650 856/1926 860/1651
f 855/1653 857/1927 860/1654
f 859/1656 858/1928 854/1657
f 861/1659 862/1929 863/1660
f 865/1662 866/1930 867/1663
f 867/1665 866/1931 863/1666
f 861/1668 864/1932 865/1669
f 863/1671 866/1933 865/1672
f 867/1674 862/1934 861/1675
o wing2
v -0.681252 0.248951 0.500295
v -0.936144 0.084520 0.451896
v -0.928921 0.153115 0.570693
v -0.869903 0.044170 0.630009
v -0.629460 0.071413 0.440814
v -0.622235 0.140007 0.559610
v -0.877129 -0.024424 0.511212
v -0.688475 0.180356 0.381498
v -0.193281 0.416976 0.355969
v -0.807694 0.125339 0.431641
v -0.801777 0.181516 0.528931
v -0.753444 0.092295 0.577508
v -0.150865 0.271579 0.307257
v -0.144948 0.327755 0.404547
v -0.759361 0.036118 0.480218
v -0.199197 0.360800 0.258678
v -0.846296 -0.143114 0.525886
v -0.854469 -0.009871 0.629785
v -0.855977 -0.054204 0.496333
v -0.714234 -0.005157 0.629059
v -0.706061 -0.138400 0.525160
v -0.715742 -0.049489 0.495607
v -0.844788 -0.098781 0.659337
v -0.820252 -0.157167 0.555395
v -0.848290 0.139119 0.555705
v -0.849295 0.109564 0.466737
v -0.754800 0.142262 0.555221
v -0.726762 -0.154025 0.554911
v -0.755805 0.112707 0.466253
v -0.819246 -0.127612 0.644363
v -0.686775 -0.094628 0.502680
v -0.685558 0.045690 0.597151
v -0.699078 -0.007974 0.467867
v -0.545958 0.049443 0.583498
v -0.547175 -0.090876 0.489027
v -0.559478 -0.004221 0.454214
v -0.673255 -0.040963 0.631963
v -0.658179 -0.106722 0.530654
v -0.686075 0.189016 0.512406
v -0.695088 0.153240 0.426217
v -0.593009 0.191517 0.503304
v -0.565112 -0.104221 0.521553
v -0.602022 0.155741 0.417115
v -0.649166 -0.070945 0.616844
v -0.538525 -0.039946 0.471089
v -0.528532 0.102661 0.561525
v -0.553191 0.045913 0.435237
v -0.390554 0.104942 0.536121
v -0.400546 -0.037666 0.445685
v -0.415212 0.048193 0.409833
v -0.513866 0.016803 0.597376
v -0.507752 -0.051572 0.496865
v -0.535310 0.243837 0.473503
v -0.551750 0.206004 0.389312
v -0.443325 0.245357 0.456567
v -0.415766 -0.050053 0.479930
v -0.459764 0.207524 0.372376
v -0.491313 -0.013740 0.581057
v -0.704553 -0.094068 0.658612
v -0.725756 -0.124470 0.643879
v -0.533655 -0.037211 0.618311
v -0.556099 -0.068444 0.607742
v -0.375888 0.019082 0.571972
v -0.399327 -0.012221 0.564121
vt 0.4066 0.3597
vt 0.4377 0.3752
vt 0.4377 0.3597
vt 0.4532 0.3597
vt 0.4843 0.3752
vt 0.4843 0.3597
vt 0.4377 0.3752
vt 0.4066 0.3908
vt 0.4377 0.3908
vt 0.4688 0.3752
vt 0.4377 0.3908
vt 0.4688 0.3908
vt 0.4066 0.3597
vt 0.3911 0.3752
vt 0.4066 0.3752
vt 0.4377 0.3597
vt 0.4532 0.3752
vt 0.4532 0.3597
vt 0.4152 0.4140
vt 0.5550 0.4374
vt 0.5550 0.4140
vt 0.5783 0.4140
vt 0.7181 0.4374
vt 0.7181 0.4140
vt 0.5550 0.4374
vt 0.4152 0.4607
vt 0.5550 0.4607
vt 0.6948 0.4374
vt 0.5550 0.4607
vt 0.6948 0.4607
vt 0.4152 0.4140
vt 0.3919 0.4374
vt 0.4152 0.4374
vt 0.5783 0.4140
vt 0.5550 0.4374
vt 0.5783 0.4374
vt 0.4143 0.7190
vt 0.4377 0.7346
vt 0.4143 0.7346
vt 0.4612 0.7346
vt 0.4846 0.7190
vt 0.4846 0.7346
vt 0.4143 0.7346
vt 0.4377 0.7580
vt 0.4143 0.7580
vt 0.4377 0.7580
vt 0.4612 0.7346
vt 0.4612 0.7580
vt 0.3908 0.7190
vt 0.4143 0.7346
vt 0.3908 0.7346
vt 0.4377 0.7346
vt 0.4612 0.7190
vt 0.4612 0.7346
vt 0.4065 0.7815
vt 0.4221 0.8284
vt 0.4065 0.8284
vt 0.4377 0.8284
vt 0.4534 0.7815
vt 0.4534 0.8284
vt 0.4065 0.8284
vt 0.4221 0.8440
vt 0.4065 0.8440
vt 0.4221 0.8440
vt 0.4377 0.8284
vt 0.4377 0.8440
vt 0.3908 0.7815
vt 0.4065 0.8284
vt 0.3908 0.8284
vt 0.4221 0.8284
vt 0.4377 0.7815
vt 0.4377 0.8284
vt 0.4143 0.7190
vt 0.4377 0.7346
vt 0.4143 0.7346
vt 0.4612 0.7346
vt 0.4846 0.7190
vt 0.4846 0.7346
vt 0.4143 0.7346
vt 0.4377 0.7580
vt 0.4143 0.7580
vt 0.4377 0.7580
vt 0.4612 0.7346
vt 0.4612 0.7580
vt 0.3908 0.7190
vt 0.4143 0.7346
vt 0.3908 0.7346
vt 0.4377 0.7346
vt 0.4612 0.7190
vt 0.4612 0.7346
vt 0.4065 0.7815
vt 0.4221 0.8284
vt 0.4065 0.8284
vt 0.4377 0.8284
vt 0.4534 0.7815
vt 0.4534 0.8284
vt 0.4065 0.8284
vt 0.4221 0.8440
vt 0.4065 0.8440
vt 0.4221 0.8440
vt 0.4377 0.8284
vt 0.4377 0.8440
vt 0.3908 0.7815
vt 0.4065 0.8284
vt 0.3908 0.8284
vt 0.4221 0.8284
vt 0.4377 0.7815
vt 0.4377 0.8284
vt 0.4143 0.7190
vt 0.4377 0.7346
vt 0.4143 0.7346
vt 0.4612 0.7346
vt 0.4846 0.7190
vt 0.4846 0.7346
vt 0.4143 0.7346
vt 0.4377 0.7580
vt 0.4143 0.7580
vt 0.4377 0.7580
vt 0.4612 0.7346
vt 0.4612 0.7580
vt 0.3908 0.7190
vt 0.4143 0.7346
vt 0.3908 0.7346
vt 0.4377 0.7346
vt 0.4612 0.7190
vt 0.4612 0.7346
vt 0.4065 0.7815
vt 0.4221 0.8284
vt 0.4065 0.8284
vt 0.4377 0.8284
vt 0.4534 0.7815
vt 0.4534 0.8284
vt 0.4065 0.8284
vt 0.4221 0.8440
vt 0.4065 0.8440
vt 0.4221 0.8440
vt 0.4377 0.8284
vt 0.4377 0.8440
vt 0.3908 0.7815
vt 0.4065 0.8284
vt 0.3908 0.8284
vt 0.4221 0.8284
vt 0.4377 0.7815
vt 0.4377 0.8284
vt 0.4066 0.3752
vt 0.4532 0.3752
vt 0.4066 0.3752
vt 0.4377 0.3752
vt 0.3911 0.3597
vt 0.4377 0.3752
vt 0.4152 0.4374
vt 0.5783 0.4374
vt 0.4152 0.4374
vt 0.5550 0.4374
vt 0.3919 0.4140
vt 0.5550 0.4140
vt 0.4377 0.7190
vt 0.4612 0.7190
vt 0.4377 0.7346
vt 0.4377 0.7346
vt 0.4143 0.7190
vt 0.4377 0.7190
vt 0.4221 0.7815
vt 0.4377 0.7815
vt 0.4221 0.8284
vt 0.4221 0.8284
vt 0.4065 0.7815
vt 0.4221 0.7815
vt 0.4377 0.7190
vt 0.4612 0.7190
vt 0.4377 0.7346
vt 0.4377 0.7346
vt 0.4143 0.7190
vt 0.4377 0.7190
vt 0.4221 0.7815
vt 0.4377 0.7815
vt 0.4221 0.8284
vt 0.4221 0.8284
vt 0.4065 0.7815
vt 0.4221 0.7815
vt 0.4377 0.7190
vt 0.4612 0.7190
vt 0.4377 0.7346
vt 0.4377 0.7346
vt 0.4143 0.7190
vt 0.4377 0.7190
vt 0.4221 0.7815
vt 0.4377 0.7815
vt 0.4221 0.8284
vt 0.4221 0.8284
vt 0.4065 0.7815
vt 0.4221 0.7815
s off
f 869/1935 870/1936 871/1937
f 872/1938 873/1939 874/1940
f 872/1941 869/1942 871/1943
f 870/1944 873/1945 875/1946
f 872/1947 870/1948 875/1949
f 874/1950 876/1951 869/1952
f 877/1953 878/1954 879/1955
f 880/1956 881/1957 882/1958
f 880/1959 877/1960 879/1961
f 878/1962 881/1963 883/1964
f 880/1965 878/1966 883/1967
f 877/1968 881/1969 884/1970
f 885/1971 886/1972 887/1973
f 888/1974 889/1975 890/1976
f 889/1977 891/1978 885/1979
f 890/1980 886/1981 888/1982
f 891/1983 888/1984 886/1985
f 890/1986 885/1987 887/1988
f 892/1989 893/1990 894/1991
f 895/1992 896/1993 897/1994
f 896/1995 898/1996 892/1997
f 897/1998 893/1999 895/2000
f 898/2001 895/2002 893/2003
f 897/2004 892/2005 894/2006
f 899/2007 900/2008 901/2009
f 902/2010 903/2011 904/2012
f 903/2013 905/2014 899/2015
f 904/2016 900/2017 902/2018
f 905/2019 902/2020 900/2021
f 904/2022 899/2023 901/2024
f 906/2025 907/2026 908/2027
f 909/2028 910/2029 911/2030
f 910/2031 912/2032 906/2033
f 911/2034 907/2035 909/2036
f 912/2037 909/2038 907/2039
f 911/2040 906/2041 908/2042
f 913/2043 914/2044 915/2045
f 916/2046 917/2047 918/2048
f 917/2049 919/2050 913/2051
f 918/2052 914/2053 916/2054
f 919/2055 916/2056 914/2057
f 918/2058 913/2059 915/2060
f 920/2061 921/2062 922/2063
f 923/2064 924/2065 925/2066
f 924/2067 926/2068 920/2069
f 925/2070 921/2071 923/2072
f 926/2073 923/2074 921/2075
f 925/2076 920/2077 922/2078
f 869/1935 876/2079 870/1936
f 872/1938 875/2080 873/1939
f 872/1941 874/2081 869/1942
f 870/1944 876/2082 873/1945
f 872/1947 871/2083 870/1948
f 874/1950 873/2084 876/1951
f 877/1953 884/2085 878/1954
f 880/1956 883/2086 881/1957
f 880/1959 882/2087 877/1960
f 878/1962 884/2088 881/1963
f 880/1965 879/2089 878/1966
f 877/1968 882/2090 881/1969
f 885/1971 891/2091 886/1972
f 888/1974 927/2092 889/1975
f 889/1977 927/2093 891/1978
f 890/1980 887/2094 886/1981
f 891/1983 927/2095 888/1984
f 890/1986 889/2096 885/1987
f 892/1989 898/2097 893/1990
f 895/1992 928/2098 896/1993
f 896/1995 928/2099 898/1996
f 897/1998 894/2100 893/1999
f 898/2001 928/2101 895/2002
f 897/2004 896/2102 892/2005
f 899/2007 905/2103 900/2008
f 902/2010 929/2104 903/2011
f 903/2013 929/2105 905/2014
f 904/2016 901/2106 900/2017
f 905/2019 929/2107 902/2020
f 904/2022 903/2108 899/2023
f 906/2025 912/2109 907/2026
f 909/2028 930/2110 910/2029
f 910/2031 930/2111 912/2032
f 911/2034 908/2112 907/2035
f 912/2037 930/2113 909/2038
f 911/2040 910/2114 906/2041
f 913/2043 919/2115 914/2044
f 916/2046 931/2116 917/2047
f 917/2049 931/2117 919/2050
f 918/2052 915/2118 914/2053
f 919/2055 931/2119 916/2056
f 918/2058 917/2120 913/2059
f 920/2061 926/2121 921/2062
f 923/2064 932/2122 924/2065
f 924/2067 932/2123 926/2068
f 925/2070 922/2124 921/2071
f 926/2073 932/2125 923/2074
f 925/2076 924/2126 920/2077
